id,,,W-L%,SRS,SOS,Conf WL,Home WL,Away WL,Points del,MP,FG,FGA,FG%,3P,3PA,3P%,FT,FTA,FT%,ORB,TRB,AST,STL,BLK,TOV,PF
1101,1,Abilene Christian,0.448,-11.86,-7.1,-0.25,0.222222222,-0.7,-0.077669903,0.735202492,0.588091354,0.590581086,0.464,0.518796992,0.465313029,0.376,0.517241379,0.554081633,0.663,0.352380952,0.517162471,0.529182879,0.566037736,0.334677419,0.699490662,0.785803238
1102,2,Air Force,0.364,-3.06,1,-0.625,0.222222222,-1.1,-0.080097087,0.831775701,0.66639478,0.712495253,0.436,0.661654135,0.615905245,0.363,0.737068966,0.729591837,0.717,0.482539683,0.657322654,0.640726329,0.530997305,0.22983871,0.662139219,0.739726027
1103,3,Akron,0.75,3.59,-1.21,0.625,0.611111111,0.1,0.269417476,0.897196262,0.77406199,0.772882643,0.466,0.917293233,0.83248731,0.372,0.729885057,0.759183673,0.683,0.566666667,0.712814645,0.670557717,0.533692722,0.475806452,0.716468591,0.813200498
1105,4,Alabama A&M,0.069,-26.99,-11.09,-0.875,-0.444444444,-1.7,-0.559466019,0.732087227,0.51223491,0.588302317,0.405,0.313283208,0.378172589,0.28,0.590517241,0.626530612,0.669,0.474603175,0.522883295,0.422827497,0.269541779,0.201612903,0.651952462,0.655043587
1412,5,Alabama-Birmingham,0.515,-1.17,-1.83,0,0.333333333,-0.4,0.064320388,0.828660436,0.681076672,0.687048994,0.462,0.50877193,0.49323181,0.348,0.712643678,0.687755102,0.736,0.50952381,0.679633867,0.652399481,0.423180593,0.64516129,0.753820034,0.656288917
1106,6,Alabama State,0.258,-19.75,-10.75,-0.375,0.055555556,-1.6,-0.319174757,0.785046729,0.586460033,0.696543866,0.392,0.501253133,0.570219966,0.297,0.58045977,0.646938776,0.637,0.677777778,0.679633867,0.389105058,0.404312668,0.39516129,0.82852292,0.783312578
1104,7,Alabama,0.559,11.29,7.47,0.125,0.277777778,-0.1,0.15776699,0.859813084,0.659869494,0.725028485,0.424,0.563909774,0.600676819,0.317,0.699712644,0.76122449,0.653,0.663492063,0.759153318,0.505836576,0.539083558,0.568548387,0.80475382,0.826899128
1107,8,Albany (NY),0.6,-0.16,-4.69,0.25,0.333333333,0.1,0.236650485,0.872274143,0.739804241,0.737181922,0.467,0.481203008,0.436548223,0.372,0.704022989,0.660204082,0.757,0.601587302,0.719107551,0.575875486,0.479784367,0.241935484,0.706281834,0.768368618
1108,9,Alcorn State,0.563,-12.33,-10.95,0.5,0.5,-0.5,0.055825243,0.800623053,0.652528548,0.708697303,0.429,0.556390977,0.565989848,0.332,0.573275862,0.624489796,0.652,0.614285714,0.711098398,0.551232166,0.563342318,0.463709677,0.767402377,0.759651308
1110,10,American,0.267,-10.3,-3.5,-0.5,-0.388888889,-0.7,-0.247572816,0.750778816,0.564437194,0.585643752,0.449,0.421052632,0.447546531,0.318,0.420977011,0.483673469,0.618,0.323809524,0.496567506,0.439688716,0.563342318,0.294354839,0.672325976,0.682440847
1111,11,Appalachian State,0.3,-8.67,-1.6,-0.625,0.111111111,-1.3,-0.086165049,0.750778816,0.610929853,0.676414736,0.421,0.629072682,0.627749577,0.338,0.659482759,0.687755102,0.681,0.538095238,0.64416476,0.536964981,0.450134771,0.366935484,0.702886248,0.798256538
1113,12,Arizona State,0.455,4.02,7.11,-0.25,0.111111111,-0.2,-0.123786408,0.825545171,0.724306688,0.777440182,0.434,0.822055138,0.758037225,0.366,0.702586207,0.666326531,0.749,0.482539683,0.614988558,0.55771725,0.522911051,0.427419355,0.584040747,0.692403487
1112,13,Arizona NCAA,0.865,18.25,7.63,0.875,0.777777778,0.8,0.476941748,0.92211838,0.796900489,0.777819977,0.477,0.611528822,0.528764805,0.39,0.912356322,0.846938776,0.765,0.603174603,0.776887872,0.649805447,0.541778976,0.47983871,0.701188455,0.778331258
1114,14,Arkansas-Little Rock,0.469,-6.07,-3.8,-0.375,0.166666667,-0.5,0.003640777,0.803738318,0.632137031,0.664261299,0.443,0.518796992,0.50676819,0.346,0.619252874,0.593877551,0.741,0.484126984,0.605263158,0.49156939,0.493261456,0.483870968,0.699490662,0.735990037
1115,15,Arkansas-Pine Bluff,0.219,-22.81,-10.28,-0.375,0,-1.8,-0.416262136,0.813084112,0.566884176,0.655146221,0.403,0.521303258,0.525380711,0.335,0.54454023,0.592857143,0.652,0.531746032,0.579519451,0.433203632,0.752021563,0.375,0.981324278,0.894146949
1117,16,Arkansas State,0.625,0.87,-2.1,0.25,0.611111111,-0.2,0.163834951,0.800623053,0.673735726,0.68059248,0.461,0.551378446,0.489847716,0.38,0.681034483,0.758163265,0.638,0.558730159,0.668764302,0.514915694,0.46361186,0.334677419,0.702886248,0.811955168
1116,17,Arkansas NCAA,0.722,14.04,8.6,0.375,0.666666667,0.1,0.237864078,0.897196262,0.813213703,0.822255982,0.461,0.5839599,0.539763113,0.365,0.902298851,0.841836735,0.761,0.636507937,0.742562929,0.64461738,0.749326146,0.685483871,0.726655348,0.920298879
1119,18,Army,0.406,-5.84,-4.1,-0.375,0.055555556,-0.6,-0.019417476,0.806853583,0.686786297,0.7238891,0.442,0.729323308,0.697969543,0.353,0.501436782,0.543877551,0.655,0.503174603,0.693935927,0.674448768,0.479784367,0.245967742,0.820033956,0.772104608
1120,19,Auburn,0.563,8.17,7.33,-0.25,0.277777778,0,0.03276699,0.803738318,0.70228385,0.747816179,0.437,0.724310777,0.66751269,0.366,0.807471264,0.853061224,0.672,0.585714286,0.669908467,0.539559014,0.630727763,0.653225806,0.736842105,0.831880448
1122,20,Austin Peay,0.367,-11,-2.32,-0.125,-0.166666667,-0.7,-0.223300971,0.757009346,0.657422512,0.652487657,0.469,0.568922306,0.541455161,0.355,0.706896552,0.709183673,0.708,0.388888889,0.522311213,0.420233463,0.460916442,0.294354839,0.63327674,0.681195517
1123,21,Ball State,0.618,-1.45,-3.57,0.25,0.333333333,0,0.133495146,0.859813084,0.757748777,0.76490695,0.461,0.799498747,0.711505922,0.379,0.718390805,0.710204082,0.718,0.531746032,0.732837529,0.68612192,0.547169811,0.475806452,0.842105263,0.819427148
1124,22,Baylor NCAA,0.771,19.75,11.87,0.375,0.722222222,0.2,0.390776699,0.872274143,0.751223491,0.742878845,0.471,0.576441103,0.542301184,0.359,0.686781609,0.674489796,0.723,0.715873016,0.760297483,0.705577173,0.485175202,0.669354839,0.796264856,0.768368618
1125,23,Belmont,0.767,4.28,-1.69,0.875,0.611111111,0.7,0.27184466,0.750778816,0.650897227,0.646790733,0.469,0.766917293,0.757191201,0.342,0.574712644,0.531632653,0.768,0.403174603,0.604691076,0.62386511,0.35309973,0.322580645,0.64516129,0.661270237
1126,24,Bethune-Cookman,0.313,-19.44,-11.21,-0.25,0,-1.1,-0.26092233,0.819314642,0.685154976,0.76794531,0.415,0.571428571,0.602368866,0.32,0.527298851,0.565306122,0.662,0.63015873,0.649313501,0.581063554,0.660377358,0.387096774,0.701188455,0.801992528
1127,25,Binghamton,0.375,-11.99,-5.79,-0.625,0,-0.9,-0.115291262,0.800623053,0.626427406,0.667299658,0.437,0.621553885,0.579526227,0.362,0.561781609,0.566326531,0.705,0.398412698,0.603546911,0.531776913,0.450134771,0.314516129,0.674023769,0.678704857
1129,26,Boise State,0.625,5.52,2.72,0.375,0.444444444,0.1,0.152912621,0.797507788,0.661500816,0.684390429,0.45,0.634085213,0.614213198,0.348,0.760057471,0.758163265,0.712,0.49047619,0.651601831,0.501945525,0.425876011,0.310483871,0.694397284,0.824408468
1130,27,Boston College,0.281,2.2,8.08,-0.875,-0.111111111,-0.9,-0.22815534,0.797507788,0.687601958,0.714014432,0.448,0.64160401,0.579526227,0.374,0.543103448,0.567346939,0.68,0.463492063,0.640160183,0.613488975,0.482479784,0.350806452,0.79286927,0.743462017
1131,28,Boston University,0.563,-2.43,-3.66,0.375,0.333333333,-0.3,0.091019417,0.809968847,0.66639478,0.700341815,0.443,0.686716792,0.653976311,0.354,0.619252874,0.631632653,0.696,0.493650794,0.652745995,0.582360571,0.714285714,0.326612903,0.753820034,0.759651308
1132,29,Bowling Green State,0.406,-6,-2,-0.25,0.166666667,-0.9,-0.118932039,0.806853583,0.67862969,0.74325864,0.425,0.551378446,0.544839255,0.342,0.676724138,0.720408163,0.667,0.56031746,0.659610984,0.505836576,0.595687332,0.350806452,0.692699491,0.775840598
1133,30,Bradley,0.394,-2.84,2.94,-0.25,0.055555556,-0.7,-0.20631068,0.825545171,0.596247961,0.654006836,0.425,0.543859649,0.515228426,0.356,0.695402299,0.733673469,0.673,0.471428571,0.661327231,0.482490272,0.547169811,0.475806452,0.847198642,0.836861768
1140,31,Brigham Young,0.647,8.22,1.87,0.375,0.555555556,0.1,0.262135922,0.847352025,0.764274062,0.781238131,0.456,0.576441103,0.565143824,0.344,0.915229885,0.886734694,0.733,0.576190476,0.811212815,0.692607004,0.603773585,0.629032258,0.796264856,0.818181818
1135,32,Brown,0.433,-8.55,-4.08,-0.375,0.111111111,-0.4,-0.076456311,0.747663551,0.599510604,0.630459552,0.443,0.611528822,0.562605753,0.367,0.806034483,0.754081633,0.759,0.436507937,0.53375286,0.517509728,0.614555256,0.225806452,0.730050934,0.743462017
1136,33,Bryant,0.375,-9.69,-5.43,0,0.222222222,-1.3,-0.127427184,0.819314642,0.684339315,0.728066844,0.438,0.593984962,0.593062606,0.338,0.658045977,0.648979592,0.72,0.547619048,0.656750572,0.596627756,0.587601078,0.278225806,0.726655348,0.846824408
1137,34,Bucknell NCAA,0.743,5.89,-2.48,0.75,0.666666667,0.3,0.355582524,0.872274143,0.768352365,0.74477782,0.48,0.71679198,0.637901861,0.379,0.71408046,0.744897959,0.681,0.479365079,0.688215103,0.661478599,0.679245283,0.540322581,0.791171477,0.815691158
1138,35,Buffalo,0.531,0.92,-1.01,0.25,0.222222222,0.1,0.134708738,0.800623053,0.715334421,0.738701101,0.451,0.601503759,0.615059222,0.33,0.706896552,0.725510204,0.692,0.611111111,0.740846682,0.595330739,0.48787062,0.512096774,0.76910017,0.915317559
1139,36,Butler NCAA,0.735,17.7,10.23,0.375,0.555555556,0.3,0.308252427,0.853582555,0.738988581,0.720850741,0.477,0.654135338,0.604060914,0.366,0.75,0.718367347,0.741,0.455555556,0.624141876,0.587548638,0.555256065,0.387096774,0.587436333,0.797011208
1142,37,Cal Poly,0.355,-10.71,-4.22,-0.25,0,-0.6,-0.194174757,0.778816199,0.592169657,0.683630839,0.403,0.646616541,0.641285956,0.34,0.534482759,0.544897959,0.697,0.476190476,0.573798627,0.417639429,0.436657682,0.455645161,0.565365025,0.714819427
1167,38,Cal State Bakersfield,0.714,3.21,-1.94,0.625,0.611111111,0.5,0.324029126,0.887850467,0.730016313,0.772882643,0.44,0.573934837,0.551607445,0.351,0.693965517,0.770408163,0.64,0.687301587,0.77173913,0.657587549,0.770889488,0.552419355,0.881154499,0.98879203
1168,39,Cal State Fullerton,0.531,-7.55,-6.85,0.25,0.444444444,-0.4,0.086165049,0.819314642,0.669657423,0.702620585,0.444,0.49122807,0.533840948,0.311,0.737068966,0.762244898,0.687,0.541269841,0.684210526,0.501945525,0.601078167,0.471774194,0.789473684,0.829389788
1169,40,Cal State Northridge,0.367,-8.34,-4.13,-0.125,0,-0.4,-0.120145631,0.747663551,0.657422512,0.663501709,0.461,0.363408521,0.351099831,0.349,0.83908046,0.817346939,0.729,0.468253968,0.601830664,0.53307393,0.557951482,0.362903226,0.677419355,0.794520548
1413,41,UC-Davis NCAA,0.639,-5.21,-4.68,0.375,0.611111111,-0.3,0.023058252,0.906542056,0.712071778,0.762628181,0.435,0.553884712,0.537225042,0.348,0.801724138,0.844897959,0.674,0.577777778,0.732265446,0.597924773,0.544474394,0.475806452,0.870967742,0.856787049
1414,42,UC-Irvine,0.583,0.18,-2.7,0.5,0.5,-0.1,0.222087379,0.903426791,0.746329527,0.783137106,0.444,0.664160401,0.620981387,0.361,0.602011494,0.623469388,0.686,0.638095238,0.817505721,0.596627756,0.474393531,0.620967742,0.81663837,0.931506849
1415,43,UC-Riverside,0.276,-11.39,-3.87,-0.375,-0.166666667,-0.9,-0.14684466,0.725856698,0.561990212,0.634637296,0.412,0.43358396,0.4678511,0.313,0.494252874,0.505102041,0.695,0.419047619,0.578375286,0.438391699,0.533692722,0.35483871,0.65704584,0.712328767
1364,44,UC-Santa Barbara,0.214,-13.49,-2,-0.5,-0.166666667,-1.1,-0.347087379,0.700934579,0.507340946,0.627041398,0.377,0.385964912,0.449238579,0.29,0.435344828,0.487755102,0.634,0.565079365,0.588100686,0.438391699,0.398921833,0.237903226,0.578947368,0.625155666
1143,45,University of California,0.618,11.11,6.34,0.125,0.611111111,-0.3,0.196601942,0.859813084,0.658238173,0.725788074,0.422,0.56641604,0.561759729,0.34,0.683908046,0.734693878,0.661,0.625396825,0.756864989,0.530479896,0.444743935,0.625,0.726655348,0.816936488
1144,46,Campbell,0.514,-9.68,-7.59,-0.25,0.166666667,-0.3,0.058252427,0.92834891,0.741435563,0.756551462,0.456,0.736842105,0.675126904,0.368,0.777298851,0.734693878,0.751,0.463492063,0.697368421,0.560311284,0.657681941,0.608870968,0.808149406,0.824408468
1145,47,Canisius,0.529,-2.82,-3.5,0,0,0.1,0.027912621,0.853582555,0.769168026,0.784656286,0.456,0.77443609,0.703891709,0.371,0.675287356,0.652040816,0.736,0.577777778,0.640732265,0.779507134,0.619946092,0.258064516,0.75721562,0.820672478
1146,48,Central Arkansas,0.25,-13.04,-3.76,-0.25,-0.055555556,-1.3,-0.360436893,0.806853583,0.681892333,0.72540828,0.438,0.576441103,0.518612521,0.375,0.708333333,0.701020408,0.718,0.534920635,0.658466819,0.60311284,0.479784367,0.338709677,0.75721562,0.754669988
1148,49,Central Connecticut State,0.207,-17.51,-7.68,-0.625,-0.333333333,-1.1,-0.345873786,0.728971963,0.550570962,0.608431447,0.421,0.365914787,0.353637902,0.349,0.475574713,0.544897959,0.62,0.526984127,0.552631579,0.44228275,0.447439353,0.274193548,0.701188455,0.671232877
1416,50,Central Florida,0.667,9.58,3.69,0.25,0.666666667,0,0.257281553,0.900311526,0.672920065,0.720850741,0.435,0.65914787,0.632825719,0.352,0.719827586,0.773469388,0.661,0.617460317,0.841533181,0.518806744,0.388140162,0.584677419,0.891341256,0.682440847
1141,51,Central Michigan,0.5,-5.76,-2.63,-0.375,0.277777778,-0.4,0.023058252,0.806853583,0.743882545,0.817698443,0.424,1,0.943316413,0.358,0.86637931,0.77755102,0.791,0.577777778,0.711670481,0.469520104,0.48787062,0.375,0.614601019,0.762141968
1149,52,Charleston Southern,0.387,-12.28,-6.21,-0.25,0.166666667,-0.9,-0.047330097,0.781931464,0.672104405,0.709456893,0.441,0.571428571,0.565989848,0.341,0.614942529,0.656122449,0.666,0.533333333,0.624713959,0.44228275,0.474393531,0.358870968,0.607809847,0.772104608
1150,53,Charlotte,0.433,-5.24,-0.93,-0.25,0.277777778,-0.6,-0.13592233,0.750778816,0.652528548,0.684770224,0.444,0.593984962,0.532994924,0.376,0.658045977,0.626530612,0.746,0.355555556,0.56006865,0.468223087,0.51212938,0.379032258,0.62139219,0.719800747
1151,54,Chattanooga,0.613,1.1,-2.08,0.125,0.444444444,0,0.220873786,0.775700935,0.653344209,0.652487657,0.466,0.578947368,0.5642978,0.346,0.691091954,0.690816327,0.71,0.511111111,0.574942792,0.488975357,0.649595687,0.584677419,0.701188455,0.709838107
1152,55,Chicago State,0.188,-16.67,-0.19,-0.75,-0.222222222,-1.5,-0.512135922,0.809968847,0.602773246,0.730345613,0.384,0.531328321,0.576142132,0.311,0.573275862,0.580612245,0.701,0.546031746,0.642448513,0.46692607,0.579514825,0.274193548,0.747028862,0.767123288
1153,56,Cincinnati NCAA,0.833,18.43,5.49,0.875,1,0.5,0.565533981,0.903426791,0.790375204,0.803646031,0.458,0.661654135,0.646362098,0.346,0.67816092,0.702040816,0.686,0.693650794,0.7597254,0.722438392,0.703504043,0.697580645,0.612903226,0.704856787
1154,57,Citadel,0.364,-12.86,-2.93,-0.625,0,-0.9,-0.190533981,0.831775701,0.799347471,0.895176605,0.416,0.994987469,0.985617597,0.341,0.872126437,0.818367347,0.757,0.711111111,0.704805492,0.727626459,0.824797844,0.342741935,0.803056027,0.917808219
1155,58,Clemson,0.515,13.22,9.98,-0.375,0.277777778,-0.4,0.129854369,0.825545171,0.710440457,0.736422332,0.449,0.598997494,0.565989848,0.357,0.699712644,0.679591837,0.731,0.579365079,0.643020595,0.536964981,0.633423181,0.524193548,0.601018676,0.623910336
1156,59,Cleveland State,0.29,-6.73,-1.53,-0.5,-0.055555556,-1.2,-0.16868932,0.785046729,0.60766721,0.698063046,0.405,0.54887218,0.599830795,0.309,0.537356322,0.552040816,0.691,0.538095238,0.585812357,0.424124514,0.595687332,0.379032258,0.687606112,0.792029888
1157,60,Coastal Carolina,0.513,-3.94,-1.48,0.125,0.5,-0.9,-0.030339806,0.978193146,0.83278956,0.917584504,0.423,0.796992481,0.814720812,0.33,0.679597701,0.733673469,0.658,0.761904762,0.898741419,0.605706874,0.638814016,0.439516129,0.862478778,0.882938979
1159,61,Colgate,0.313,-8.47,-3.6,-0.125,-0.222222222,-0.6,-0.155339806,0.813084112,0.60766721,0.642992784,0.44,0.679197995,0.61928934,0.37,0.551724138,0.578571429,0.677,0.417460317,0.593249428,0.536964981,0.442048518,0.330645161,0.797962649,0.750933998
1158,62,College of Charleston,0.714,3.99,-0.19,0.625,0.555555556,0.5,0.189320388,0.875389408,0.655791191,0.707178124,0.432,0.551378446,0.566835871,0.328,0.844827586,0.815306122,0.736,0.479365079,0.683066362,0.460440986,0.522911051,0.471774194,0.617996604,0.752179328
1161,63,Colorado State,0.667,6.03,2.17,0.5,0.555555556,0.2,0.199029126,0.897196262,0.716965742,0.786175465,0.425,0.644110276,0.641285956,0.339,0.856321839,0.831632653,0.731,0.649206349,0.78604119,0.514915694,0.587601078,0.495967742,0.665534805,0.769613948
1160,64,Colorado,0.559,9.12,6,-0.125,0.5,-0.5,0.137135922,0.853582555,0.724306688,0.756931257,0.446,0.626566416,0.607445008,0.348,0.778735632,0.785714286,0.704,0.63968254,0.729977117,0.614785992,0.46361186,0.588709677,0.696095076,0.787048568
1162,65,Columbia,0.407,-5.67,-3.13,-0.25,0.055555556,-0.6,-0.029126214,0.679127726,0.57096248,0.608811242,0.437,0.528822055,0.494077834,0.361,0.472701149,0.474489796,0.708,0.433333333,0.538329519,0.542153048,0.51212938,0.318548387,0.589134126,0.630136986
1163,66,Connecticut,0.485,7.23,6.61,0,0.111111111,-0.4,0.037621359,0.828660436,0.634584013,0.687048994,0.43,0.558897243,0.531302876,0.355,0.63362069,0.631632653,0.712,0.533333333,0.691647597,0.560311284,0.393530997,0.713709677,0.682512733,0.716064757
1164,67,Coppin State,0.25,-21.51,-8.01,-0.125,-0.055555556,-1.3,-0.487864078,0.803738318,0.575040783,0.701101405,0.382,0.563909774,0.598984772,0.318,0.695402299,0.760204082,0.65,0.582539683,0.637871854,0.434500649,0.490566038,0.290322581,0.747028862,0.826899128
1165,68,Cornell,0.276,-8.4,-1.55,-0.375,-0.277777778,-0.8,-0.199029126,0.725856698,0.608482871,0.625142423,0.453,0.611528822,0.609137056,0.339,0.485632184,0.493877551,0.698,0.347619048,0.558352403,0.540856031,0.404312668,0.314516129,0.711375212,0.658779577
1166,69,Creighton NCAA,0.714,17.27,8.95,0.125,0.5,0.3,0.382281553,0.872274143,0.879282219,0.811621724,0.504,0.761904762,0.648054146,0.397,0.58045977,0.604081633,0.682,0.458730159,0.699656751,0.775616083,0.574123989,0.411290323,0.738539898,0.724782067
1171,70,Dartmouth,0.259,-11.15,-3.45,-0.375,-0.333333333,-0.7,-0.252427184,0.676012461,0.514681892,0.555639954,0.431,0.498746867,0.478003384,0.352,0.504310345,0.505102041,0.709,0.395238095,0.524599542,0.390402075,0.334231806,0.193548387,0.680814941,0.613947696
1172,71,Davidson,0.531,6.45,4.26,-0.125,0.166666667,-0.2,0.084951456,0.803738318,0.663947798,0.706798329,0.437,0.731829574,0.724196277,0.341,0.635057471,0.598979592,0.753,0.452380952,0.657322654,0.647211414,0.4393531,0.427419355,0.662139219,0.726027397
1173,72,Dayton NCAA,0.75,12.98,4.27,0.75,0.777777778,0.4,0.366504854,0.800623053,0.668841762,0.669578428,0.465,0.646616541,0.567681895,0.385,0.761494253,0.783673469,0.69,0.43968254,0.627574371,0.648508431,0.67115903,0.516129032,0.638370119,0.748443337
1174,73,Delaware State,0.313,-18.81,-9.37,-0.125,-0.166666667,-0.8,-0.258495146,0.806853583,0.637846656,0.708317509,0.419,0.65914787,0.615059222,0.362,0.515804598,0.556122449,0.659,0.552380952,0.604691076,0.556420233,0.477088949,0.358870968,0.740237691,0.757160648
1175,74,Delaware,0.394,-9.97,-1.42,-0.5,0.222222222,-0.9,-0.27184466,0.825545171,0.632137031,0.698063046,0.422,0.49122807,0.543993232,0.305,0.590517241,0.61122449,0.686,0.511111111,0.663043478,0.499351492,0.474393531,0.411290323,0.672325976,0.778331258
1176,75,Denver,0.533,-2.99,-4.19,0,0.166666667,-0.1,0.04368932,0.753894081,0.661500816,0.63957463,0.482,0.558897243,0.469543147,0.402,0.614942529,0.594897959,0.734,0.433333333,0.605263158,0.586251621,0.404312668,0.258064516,0.685908319,0.750933998
1177,76,DePaul,0.281,2.09,7.78,-0.875,-0.111111111,-0.8,-0.220873786,0.800623053,0.632137031,0.685150019,0.43,0.461152882,0.47715736,0.326,0.67816092,0.655102041,0.735,0.538095238,0.604691076,0.474708171,0.574123989,0.370967742,0.765704584,0.790784558
1178,77,Detroit Mercy,0.258,-10.72,-1.62,-0.375,-0.222222222,-1,-0.294902913,0.781931464,0.676998369,0.709077098,0.445,0.629072682,0.57106599,0.372,0.683908046,0.731632653,0.664,0.507936508,0.592677346,0.516212711,0.547169811,0.314516129,0.765704584,0.922789539
1179,78,Drake,0.226,-4.71,1.91,-0.5,-0.166666667,-1,-0.220873786,0.781931464,0.619902121,0.704899354,0.409,0.676691729,0.661590525,0.345,0.600574713,0.564285714,0.756,0.493650794,0.612128146,0.523994812,0.506738544,0.302419355,0.660441426,0.701120797
1180,79,Drexel,0.281,-7.43,-2.56,-0.75,-0.166666667,-1,-0.134708738,0.809968847,0.705546493,0.754652488,0.435,0.64160401,0.626903553,0.345,0.590517241,0.629591837,0.666,0.601587302,0.673340961,0.609597925,0.504043127,0.39516129,0.721561969,0.801992528
1181,80,Duke NCAA,0.757,21.56,10.91,0.25,0.777777778,-0.2,0.47815534,0.92211838,0.831158238,0.814280289,0.475,0.779448622,0.695431472,0.378,0.922413793,0.859183673,0.762,0.619047619,0.767162471,0.627756161,0.60916442,0.693548387,0.714770798,0.840597758
1182,81,Duquesne,0.313,-3.06,0.69,-0.75,-0.111111111,-0.9,-0.145631068,0.797507788,0.640293638,0.696923661,0.428,0.56641604,0.572758037,0.334,0.66091954,0.693877551,0.676,0.544444444,0.667620137,0.520103761,0.423180593,0.512096774,0.770797963,0.738480697
1187,82,East Carolina,0.455,-0.49,1.33,-0.375,0.388888889,-1,-0.072815534,0.822429907,0.584013051,0.682491455,0.398,0.536340852,0.565143824,0.32,0.635057471,0.686734694,0.657,0.587301587,0.71624714,0.511024643,0.452830189,0.689516129,0.779286927,0.684931507
1190,83,East Tennessee State NCAA,0.771,7.31,-2.11,0.625,0.611111111,0.3,0.417475728,0.881619938,0.783034258,0.747056589,0.488,0.664160401,0.586294416,0.382,0.857758621,0.867346939,0.702,0.566666667,0.72597254,0.6692607,0.789757412,0.653225806,0.881154499,0.869240349
1183,84,Eastern Illinois,0.483,-5.35,-5.05,-0.25,0.111111111,-0.3,0.104368932,0.744548287,0.629690049,0.703380175,0.417,0.649122807,0.588832487,0.372,0.525862069,0.51122449,0.731,0.552380952,0.618421053,0.575875486,0.533692722,0.47983871,0.628183362,0.696139477
1184,85,Eastern Kentucky,0.387,-8.65,-2.44,-0.375,0.111111111,-0.9,-0.161407767,0.788161994,0.611745514,0.665020889,0.428,0.588972431,0.620135364,0.321,0.663793103,0.668367347,0.705,0.453968254,0.582379863,0.547341115,0.498652291,0.455645161,0.73344652,0.770859278
1185,86,Eastern Michigan,0.485,-0.18,0.16,-0.25,0.222222222,-0.5,0.190533981,0.828660436,0.748776509,0.777060387,0.449,0.528822055,0.521150592,0.343,0.745689655,0.730612245,0.725,0.666666667,0.687070938,0.57457847,0.854447439,0.580645161,0.677419355,0.876712329
1186,87,Eastern Washington,0.647,-2.77,-4.43,0.5,0.777777778,-0.4,0.125,0.878504673,0.772430669,0.750094949,0.479,0.704260652,0.626903553,0.379,0.747126437,0.68877551,0.77,0.49047619,0.684210526,0.546044099,0.425876011,0.653225806,0.704584041,0.845579078
1189,88,Elon,0.563,0.24,-1.39,0.125,0.333333333,-0.2,0.134708738,0.816199377,0.693311582,0.725788074,0.445,0.771929825,0.734348562,0.355,0.567528736,0.58877551,0.685,0.461904762,0.691647597,0.604409857,0.444743935,0.294354839,0.634974533,0.662515567
1191,89,Evansville,0.485,1.45,2.42,-0.375,0.5,-0.7,0.03276699,0.831775701,0.652528548,0.669198633,0.454,0.318295739,0.29357022,0.366,0.806034483,0.803061224,0.713,0.473015873,0.649885584,0.573281453,0.46361186,0.399193548,0.660441426,0.820672478
1193,90,Fairfield,0.516,-4.75,-3.85,0.125,0.055555556,0,-0.033980583,0.778816199,0.670473083,0.706038739,0.442,0.656641604,0.661590525,0.335,0.495689655,0.516326531,0.682,0.436507937,0.637871854,0.601815824,0.447439353,0.370967742,0.706281834,0.706102117
1192,91,Fairleigh Dickinson,0.367,-9.28,-5.31,0,0.166666667,-1.1,-0.08131068,0.750778816,0.615008157,0.650588682,0.44,0.503759398,0.512690355,0.332,0.681034483,0.632653061,0.765,0.461904762,0.568077803,0.474708171,0.509433962,0.314516129,0.675721562,0.793275218
1197,92,Florida A&M,0.233,-20.88,-11.85,-0.375,-0.333333333,-0.8,-0.257281553,0.760124611,0.621533442,0.683630839,0.423,0.468671679,0.455160745,0.348,0.635057471,0.684693878,0.659,0.482539683,0.598970252,0.49156939,0.530997305,0.399193548,0.691001698,0.707347447
1194,93,Florida Atlantic,0.333,-7.95,-1.98,-0.375,-0.222222222,-0.3,-0.137135922,0.757009346,0.616639478,0.698063046,0.411,0.511278195,0.540609137,0.319,0.563218391,0.569387755,0.703,0.501587302,0.609839817,0.478599222,0.460916442,0.375,0.590831919,0.709838107
1195,94,Florida Gulf Coast NCAA,0.765,2.26,-3.42,0.625,0.722222222,0.7,0.41868932,0.853582555,0.82137031,0.766046335,0.499,0.553884712,0.538071066,0.347,0.66954023,0.67755102,0.702,0.601587302,0.72597254,0.683527886,0.557951482,0.467741935,0.714770798,0.790784558
1198,95,Florida International,0.226,-8.1,-3.27,-0.75,-0.166666667,-1.2,-0.126213592,0.791277259,0.656606852,0.673376377,0.454,0.453634085,0.46108291,0.332,0.556034483,0.526530612,0.75,0.5,0.601258581,0.448767834,0.498652291,0.27016129,0.701188455,0.709838107
1199,96,Florida State NCAA,0.743,18.87,8.87,0.375,1,-0.3,0.424757282,0.872274143,0.84502447,0.815039878,0.483,0.5839599,0.567681895,0.347,0.816091954,0.840816327,0.689,0.649206349,0.757437071,0.662775616,0.698113208,0.725806452,0.704584041,0.851805729
1196,97,Florida NCAA,0.75,22.4,11.01,0.625,0.444444444,0.4,0.497572816,0.906542056,0.777324633,0.804405621,0.45,0.696741855,0.656514382,0.358,0.890804598,0.868367347,0.729,0.66031746,0.761441648,0.583657588,0.733153639,0.673387097,0.731748727,0.823163138
1200,98,Fordham,0.406,-1.97,1.36,-0.25,-0.055555556,-0.3,-0.093446602,0.809968847,0.604404568,0.677174326,0.416,0.661654135,0.669204738,0.334,0.494252874,0.483673469,0.726,0.414285714,0.522311213,0.556420233,0.846361186,0.366935484,0.709677419,0.760896638
1201,99,Fresno State,0.606,4.37,2.31,0.25,0.611111111,-0.4,0.134708738,0.841121495,0.694942904,0.710976073,0.455,0.523809524,0.501692047,0.352,0.737068966,0.778571429,0.672,0.498412698,0.672196796,0.536964981,0.746630728,0.512096774,0.753820034,0.894146949
1202,100,Furman,0.657,1.46,-3.75,0.625,0.444444444,0.4,0.328883495,0.878504673,0.748776509,0.737181922,0.473,0.799498747,0.700507614,0.385,0.625,0.636734694,0.697,0.503174603,0.692791762,0.679636835,0.660377358,0.330645161,0.765704584,0.763387298
1205,101,Gardner-Webb,0.576,-3.08,-5.71,0.25,0.222222222,0,0.275485437,0.838006231,0.744698206,0.723509305,0.479,0.523809524,0.467005076,0.379,0.734195402,0.835714286,0.624,0.59047619,0.720251716,0.630350195,0.784366577,0.475806452,0.80475382,0.834371108
1206,102,George Mason,0.588,3.01,1.28,0,0.166666667,0.2,0.099514563,0.862928349,0.716965742,0.745157615,0.448,0.456140351,0.458544839,0.336,0.831896552,0.790816327,0.747,0.604761905,0.78375286,0.516212711,0.455525606,0.387096774,0.747028862,0.709838107
1203,103,George Washington,0.571,2.37,2.11,0.125,0.611111111,-0.3,0.01092233,0.872274143,0.669657423,0.736042537,0.424,0.691729323,0.628595601,0.371,0.760057471,0.724489796,0.745,0.625396825,0.731693364,0.604409857,0.517520216,0.548387097,0.76910017,0.673723537
1207,104,Georgetown,0.438,11.18,9.31,-0.5,0.055555556,-0.4,0.072815534,0.803738318,0.659053834,0.665400684,0.461,0.516290727,0.499153976,0.349,0.78591954,0.76122449,0.733,0.484126984,0.653318078,0.622568093,0.471698113,0.592741935,0.770797963,0.836861768
1204,105,Georgia Southern,0.545,-3.63,-2.83,0.25,0.333333333,-0.5,0.087378641,0.825545171,0.685970636,0.725028485,0.441,0.759398496,0.708121827,0.362,0.728448276,0.778571429,0.664,0.507936508,0.65617849,0.443579767,0.603773585,0.411290323,0.658743633,0.798256538
1209,106,Georgia State,0.606,-0.33,-2.17,0.375,0.444444444,-0.3,0.15776699,0.825545171,0.721859706,0.717052791,0.469,0.616541353,0.583756345,0.357,0.612068966,0.671428571,0.647,0.53015873,0.671624714,0.517509728,0.636118598,0.564516129,0.786078098,0.838107098
1210,107,Georgia Tech,0.568,7.82,8.21,-0.125,0.666666667,-0.7,0.029126214,0.925233645,0.742251223,0.789593619,0.438,0.428571429,0.436548223,0.331,0.725574713,0.755102041,0.682,0.565079365,0.760869565,0.739299611,0.660377358,0.891129032,0.838709677,0.737235367
1208,108,Georgia,0.559,11.13,10.28,0,0.333333333,-0.2,0.050970874,0.853582555,0.681892333,0.722749715,0.439,0.438596491,0.455160745,0.325,0.844827586,0.792857143,0.757,0.523809524,0.720251716,0.556420233,0.490566038,0.508064516,0.753820034,0.787048568
1211,109,Gonzaga NCAA,0.949,25.26,4.13,1,0.777777778,1,1,0.971962617,0.937194127,0.865932397,0.504,0.71679198,0.633671743,0.382,0.916666667,0.908163265,0.717,0.6,0.907894737,0.771725032,0.714285714,0.737903226,0.760611205,0.821917808
1212,110,Grambling,0.485,-17.29,-11.89,0.125,0.5,-0.8,-0.061893204,0.834890966,0.685970636,0.737941512,0.433,0.461152882,0.491539763,0.317,0.711206897,0.762244898,0.663,0.631746032,0.633867277,0.477302205,0.787061995,0.306451613,0.764006791,0.819427148
1213,111,Grand Canyon,0.71,-0.16,-4.22,0.5,0.666666667,-0.1,0.21723301,0.778816199,0.644371941,0.688188378,0.436,0.513784461,0.523688663,0.331,0.71408046,0.762244898,0.665,0.531746032,0.667048055,0.548638132,0.628032345,0.318548387,0.674023769,0.671232877
1453,112,Green Bay,0.563,-2.77,-2.83,0.375,0.388888889,-0.2,0.104368932,0.806853583,0.744698206,0.782757311,0.443,0.493734336,0.517766497,0.322,0.778735632,0.803061224,0.689,0.614285714,0.750572082,0.57846952,0.665768194,0.536290323,0.760611205,0.787048568
1214,113,Hampton,0.452,-13.23,-9.92,0.375,0.277777778,-0.6,-0.084951456,0.778816199,0.612561175,0.700341815,0.407,0.49122807,0.524534687,0.316,0.647988506,0.645918367,0.712,0.588888889,0.65389016,0.472114137,0.409703504,0.455645161,0.738539898,0.788293898
1216,114,Hartford,0.281,-15.85,-5.56,-0.5,-0.111111111,-1.2,-0.399271845,0.806853583,0.5954323,0.688947968,0.402,0.65914787,0.657360406,0.338,0.593390805,0.603061224,0.699,0.463492063,0.598398169,0.476005188,0.614555256,0.475806452,0.784380306,0.750933998
1217,115,Harvard,0.643,2.3,-2.24,0.375,0.444444444,0.2,0.20631068,0.697819315,0.570146819,0.59399924,0.447,0.573934837,0.545685279,0.355,0.55316092,0.528571429,0.743,0.436507937,0.574942792,0.522697795,0.474393531,0.536290323,0.60950764,0.661270237
1218,116,Hawaii,0.467,-6.19,-4.92,0,0.166666667,-0.2,-0.007281553,0.753894081,0.569331158,0.626661603,0.423,0.536340852,0.556683587,0.325,0.620689655,0.616326531,0.715,0.455555556,0.552631579,0.542153048,0.404312668,0.22983871,0.702886248,0.709838107
1219,117,High Point,0.484,-9.06,-6.28,0,0,0,-0.003640777,0.785046729,0.597063622,0.642992784,0.432,0.49122807,0.439932318,0.377,0.679597701,0.648979592,0.744,0.487301587,0.622425629,0.504539559,0.495956873,0.387096774,0.691001698,0.671232877
1220,118,Hofstra,0.469,-2.35,-1.9,-0.25,0,-0.1,0.023058252,0.803738318,0.69004894,0.72464869,0.443,0.729323308,0.670050761,0.367,0.704022989,0.730612245,0.684,0.588888889,0.66590389,0.543450065,0.382749326,0.330645161,0.578947368,0.677459527
1221,119,Holy Cross,0.469,-5.26,-3.51,0,0.222222222,-0.6,-0.067961165,0.800623053,0.540783034,0.589441701,0.427,0.591478697,0.579526227,0.345,0.531609195,0.544897959,0.693,0.3,0.46395881,0.552529183,0.814016173,0.306451613,0.595925297,0.641344956
1223,120,Houston Baptist,0.548,-7.3,-4.44,0.375,0.666666667,-0.8,0.052184466,0.77258567,0.710440457,0.730725408,0.453,0.488721805,0.485617597,0.34,0.724137931,0.735714286,0.699,0.674603175,0.685926773,0.592736706,0.525606469,0.326612903,0.696095076,0.743462017
1222,121,Houston,0.656,12.2,3.42,0.375,0.444444444,0.1,0.341019417,0.800623053,0.693311582,0.72236992,0.447,0.671679198,0.576142132,0.394,0.560344828,0.555102041,0.717,0.574603175,0.651029748,0.526588846,0.458221024,0.455645161,0.534804754,0.748443337
1224,122,Howard,0.294,-16.97,-7.97,-0.375,0,-1.4,-0.327669903,0.847352025,0.589722675,0.704899354,0.39,0.431077694,0.5,0.291,0.78591954,0.85,0.657,0.666666667,0.719107551,0.398184176,0.482479784,0.508064516,0.848896435,0.792029888
1226,123,Idaho State,0.161,-15.1,-3.37,-0.75,-0.166666667,-1.5,-0.390776699,0.778816199,0.605220228,0.648689708,0.434,0.593984962,0.558375635,0.359,0.636494253,0.66122449,0.684,0.357142857,0.526887872,0.409857328,0.603773585,0.294354839,0.679117148,0.719800747
1225,124,Idaho,0.576,-5.34,-5.89,0.375,0.5,-0.4,0.080097087,0.841121495,0.659869494,0.710216483,0.433,0.639097744,0.58714044,0.367,0.774425287,0.76122449,0.723,0.574603175,0.693935927,0.547341115,0.442048518,0.326612903,0.714770798,0.867995019
1227,125,Illinois-Chicago,0.472,-5.95,-3.63,-0.25,0.111111111,-0.4,-0.006067961,0.906542056,0.765905383,0.802506646,0.444,0.681704261,0.631133672,0.365,0.860632184,0.860204082,0.711,0.66984127,0.817505721,0.679636835,0.530997305,0.737903226,1,0.844333748
1229,126,Illinois State,0.8,10.3,2.71,1,0.833333333,0.5,0.330097087,0.875389408,0.705546493,0.748955564,0.439,0.736842105,0.67428088,0.369,0.566091954,0.605102041,0.664,0.585714286,0.739702517,0.626459144,0.673854447,0.685483871,0.724957555,0.772104608
1228,127,Illinois,0.571,10.54,9.25,-0.125,0.5,-0.4,0.110436893,0.875389408,0.732463295,0.766805925,0.445,0.676691729,0.618443316,0.369,0.635057471,0.656122449,0.687,0.542857143,0.696224256,0.612191958,0.530997305,0.334677419,0.735144312,0.798256538
1230,128,Incarnate Word,0.414,-12.14,-5.62,-0.25,0.277777778,-1,-0.131067961,0.725856698,0.600326264,0.614128371,0.455,0.5839599,0.508460237,0.388,0.728448276,0.745918367,0.694,0.363492063,0.543478261,0.469520104,0.452830189,0.548387097,0.663837012,0.726027397
1232,129,Indiana State,0.355,-1.02,3.18,-0.5,0.111111111,-0.7,-0.10315534,0.794392523,0.621533442,0.695784276,0.416,0.636591479,0.615059222,0.349,0.563218391,0.587755102,0.681,0.419047619,0.635583524,0.540856031,0.549865229,0.508064516,0.672325976,0.821917808
1231,130,Indiana,0.529,14.63,8.16,-0.25,0.555555556,-0.6,0.266990291,0.866043614,0.782218597,0.761109001,0.479,0.739348371,0.656514382,0.38,0.715517241,0.696938776,0.729,0.655555556,0.7597254,0.632944228,0.563342318,0.633064516,0.877758913,0.849315068
1233,131,Iona NCAA,0.629,1.08,-2.47,0.25,0.222222222,0,0.150485437,0.881619938,0.798531811,0.818458033,0.454,0.857142857,0.72927242,0.397,0.737068966,0.681632653,0.768,0.536507937,0.715102975,0.701686122,0.644204852,0.435483871,0.714770798,0.833125778
1235,132,Iowa State NCAA,0.686,20.51,11.94,0.375,0.5,-0.1,0.36407767,0.887850467,0.840946166,0.830231675,0.472,0.862155388,0.727580372,0.4,0.607758621,0.616326531,0.7,0.504761905,0.697368421,0.717250324,0.733153639,0.5,0.602716469,0.693648817
1234,133,Iowa,0.559,10.01,7.54,0.125,0.555555556,-0.4,0.101941748,0.869158879,0.7862969,0.805545006,0.455,0.751879699,0.669204738,0.379,0.732758621,0.756122449,0.688,0.647619048,0.747139588,0.78080415,0.679245283,0.524193548,0.801358234,0.757160648
1236,134,IPFW,0.606,0.38,-3.19,0,0.611111111,-0.3,0.324029126,0.834890966,0.860522023,0.807823775,0.496,0.882205514,0.741116751,0.402,0.584770115,0.57244898,0.725,0.53015873,0.712242563,0.747081712,0.687331536,0.52016129,0.764006791,0.737235367
1237,135,IUPUI,0.438,-4.29,-1.62,-0.125,0.222222222,-0.8,-0.020631068,0.803738318,0.720228385,0.74325864,0.451,0.721804511,0.628595601,0.388,0.640804598,0.666326531,0.683,0.552380952,0.631578947,0.590142672,0.58490566,0.350806452,0.680814941,0.815691158
1238,136,Jackson State,0.438,-15.42,-11.55,0.125,0.333333333,-0.9,-0.09223301,0.803738318,0.584013051,0.706418534,0.385,0.543859649,0.617597293,0.297,0.599137931,0.631632653,0.674,0.674603175,0.664759725,0.453955901,0.530997305,0.334677419,0.662139219,0.806973848
1240,137,Jacksonville State NCAA,0.571,-2.85,-3.24,0.125,0,0.1,0.067961165,0.878504673,0.699021207,0.709836688,0.459,0.646616541,0.579526227,0.377,0.663793103,0.660204082,0.714,0.563492063,0.711670481,0.639429313,0.423180593,0.540322581,0.809847199,0.782067248
1239,138,Jacksonville,0.515,-10.21,-8.45,-0.25,0,-0.1,0.097087379,0.825545171,0.716150082,0.715913407,0.466,0.819548872,0.686971235,0.403,0.681034483,0.657142857,0.736,0.479365079,0.618421053,0.577172503,0.714285714,0.254032258,0.719864177,0.772104608
1241,139,James Madison,0.303,-5.64,-1.83,-0.25,-0.166666667,-1,-0.127427184,0.831775701,0.628058728,0.65818458,0.444,0.521303258,0.5321489,0.331,0.640804598,0.634693878,0.717,0.492063492,0.648169336,0.499351492,0.522911051,0.358870968,0.79286927,0.828144458
1243,140,Kansas State NCAA,0.6,14.8,10.48,-0.125,0.333333333,-0.1,0.183252427,0.875389408,0.708809135,0.715153817,0.461,0.619047619,0.577834179,0.362,0.772988506,0.790816327,0.694,0.523809524,0.647597254,0.675745785,0.730458221,0.524193548,0.76910017,0.784557908
1242,141,Kansas NCAA,0.861,23.53,12.23,0.875,0.722222222,0.9,0.493932039,0.906542056,0.873572594,0.832890239,0.488,0.796992481,0.665820643,0.404,0.768678161,0.805102041,0.678,0.679365079,0.796910755,0.757457847,0.673854447,0.653225806,0.774193548,0.795765878
1244,142,Kennesaw State,0.438,-8.44,-5.97,0,0.166666667,-0.7,-0.066747573,0.797507788,0.727569331,0.733763768,0.462,0.516290727,0.418781726,0.416,0.590517241,0.607142857,0.691,0.568253968,0.655606407,0.657587549,0.4393531,0.383064516,0.731748727,0.763387298
1245,143,Kent State NCAA,0.611,0.88,-1.63,0.125,0.222222222,0.2,0.174757282,0.912772586,0.804241436,0.874287885,0.428,0.644110276,0.679357022,0.32,0.780172414,0.770408163,0.719,0.855555556,0.83180778,0.582360571,0.619946092,0.540322581,0.789473684,0.853051059
1246,144,Kentucky NCAA,0.842,23.88,10.49,0.875,0.722222222,0.4,0.617718447,0.950155763,0.924959217,0.909988606,0.473,0.669172932,0.640439932,0.353,0.99137931,1,0.704,0.746031746,0.864988558,0.758754864,0.617250674,0.806451613,0.752122241,0.891656289
1247,145,La Salle,0.5,1.91,2.94,0,0.388888889,-0.4,-0.037621359,0.760124611,0.620717781,0.632738321,0.457,0.639097744,0.592216582,0.364,0.702586207,0.651020408,0.766,0.395238095,0.556636156,0.551232166,0.514824798,0.258064516,0.667232598,0.696139477
1418,146,Lafayette,0.3,-14.68,-3.5,-0.5,-0.277777778,-0.7,-0.348300971,0.750778816,0.580750408,0.628560577,0.43,0.553884712,0.560067682,0.334,0.502873563,0.502040816,0.711,0.325396825,0.546910755,0.490272374,0.398921833,0.342741935,0.740237691,0.640099626
1248,146,Lafayette,0.3,-14.68,-3.5,-0.5,-0.277777778,-0.7,-0.348300971,0.750778816,0.580750408,0.628560577,0.43,0.553884712,0.560067682,0.334,0.502873563,0.502040816,0.711,0.325396825,0.546910755,0.490272374,0.398921833,0.342741935,0.740237691,0.640099626
1249,147,Lamar,0.559,-7.36,-7.93,0.125,0.5,-0.5,0.229368932,0.856697819,0.739804241,0.750854539,0.459,0.664160401,0.61928934,0.362,0.781609195,0.829591837,0.669,0.617460317,0.68020595,0.62386511,0.730458221,0.383064516,0.772495756,0.912826899
1250,148,Lehigh,0.625,1.54,-3.3,0.375,0.555555556,-0.2,0.207524272,0.806853583,0.699021207,0.6790733,0.479,0.676691729,0.582910321,0.392,0.643678161,0.591836735,0.772,0.368253968,0.629290618,0.605706874,0.579514825,0.399193548,0.764006791,0.671232877
1251,149,Liberty,0.6,-5.51,-6.16,0.625,0.5,-0.1,0.134708738,0.881619938,0.635399674,0.678693506,0.436,0.799498747,0.751269036,0.359,0.652298851,0.624489796,0.742,0.274603175,0.566361556,0.587548638,0.617250674,0.262096774,0.616298812,0.834371108
1252,150,Lipscomb,0.606,-1.55,-4.45,0.5,0.333333333,0.3,0.29368932,0.825545171,0.765905383,0.751234333,0.475,0.852130326,0.785109983,0.366,0.841954023,0.82755102,0.723,0.53968254,0.693935927,0.7769131,0.587601078,0.419354839,0.848896435,0.874221669
1253,151,Long Beach State,0.441,-5.98,-0.6,0.125,0.444444444,-1.2,-0.141990291,0.862928349,0.730016313,0.772882643,0.44,0.541353383,0.521150592,0.351,0.780172414,0.765306122,0.724,0.628571429,0.693363844,0.579766537,0.53638814,0.370967742,0.82852292,0.849315068
1254,152,Long Island University,0.625,-7.8,-8.51,0.5,0.166666667,0.3,0.072815534,0.806853583,0.65497553,0.701101405,0.435,0.461152882,0.45177665,0.345,0.701149425,0.724489796,0.687,0.671428571,0.710526316,0.453955901,0.501347709,0.431451613,0.78098472,0.798256538
1255,153,Longwood,0.2,-21.23,-6.16,-0.75,-0.222222222,-1.4,-0.473300971,0.747663551,0.601957586,0.630459552,0.445,0.466165414,0.480541455,0.327,0.511494253,0.496938776,0.731,0.346031746,0.527459954,0.420233463,0.471698113,0.5,0.774193548,0.671232877
1256,154,Louisiana,0.636,-0.64,-3.28,0.125,0.444444444,0.1,0.225728155,0.825545171,0.770799347,0.76794531,0.467,0.578947368,0.569373942,0.343,0.837643678,0.856122449,0.695,0.701587302,0.71624714,0.616083009,0.628032345,0.366935484,0.747028862,0.773349938
1419,155,Louisiana-Monroe,0.273,-7.88,-2.56,-0.875,-0.111111111,-1,-0.122572816,0.841121495,0.663947798,0.727687049,0.425,0.593984962,0.60321489,0.332,0.478448276,0.508163265,0.669,0.550793651,0.671624714,0.57457847,0.41509434,0.294354839,0.735144312,0.717310087
1261,156,Louisiana State,0.323,0.53,8.69,-0.875,0,-0.9,-0.307038835,0.77258567,0.695758564,0.718951766,0.451,0.49122807,0.494077834,0.336,0.599137931,0.61122449,0.696,0.563492063,0.637871854,0.514915694,0.501347709,0.443548387,0.765704584,0.738480697
1256,157,Louisiana Tech,0.697,5.2,-4.35,0.625,0.722222222,-0.1,0.42961165,0.825545171,0.743066884,0.741359666,0.467,0.644110276,0.601522843,0.361,0.686781609,0.687755102,0.709,0.531746032,0.711670481,0.704280156,0.601078167,0.709677419,0.691001698,0.646326276
1257,158,Louisville NCAA,0.735,22.47,11.15,0.375,0.833333333,0,0.46723301,0.853582555,0.776508972,0.791872389,0.457,0.596491228,0.566835871,0.355,0.698275862,0.72244898,0.686,0.725396825,0.768306636,0.597924773,0.611859838,0.75,0.634974533,0.811955168
1260,159,Loyola (IL),0.563,5.15,1.02,-0.125,0.555555556,-0.6,0.256067961,0.809968847,0.694942904,0.666160273,0.486,0.649122807,0.562605753,0.389,0.55316092,0.554081633,0.709,0.346031746,0.57208238,0.614785992,0.587601078,0.306451613,0.640067912,0.678704857
1258,160,Loyola Marymount,0.5,-0.47,1.6,-0.125,0.166666667,-0.2,-0.014563107,0.750778816,0.635399674,0.666540068,0.444,0.543859649,0.519458545,0.353,0.485632184,0.556122449,0.62,0.526984127,0.584668192,0.575875486,0.614555256,0.483870968,0.670628183,0.759651308
1259,161,Loyola (MD),0.485,-6.32,-3.6,-0.125,0.333333333,-0.5,-0.089805825,0.828660436,0.614192496,0.680212685,0.42,0.443609023,0.455160745,0.329,0.706896552,0.725510204,0.692,0.604761905,0.636727689,0.499351492,0.64690027,0.455645161,0.842105263,0.792029888
1263,162,Maine,0.219,-16.33,-4.01,-0.625,-0.277777778,-1.1,-0.401699029,0.797507788,0.608482871,0.703380175,0.403,0.531328321,0.562605753,0.319,0.524425287,0.569387755,0.654,0.515873016,0.64187643,0.488975357,0.444743935,0.254032258,0.711375212,0.699875467
1264,163,Manhattan,0.313,-9.67,-2.61,-0.625,0,-1,-0.274271845,0.813084112,0.615008157,0.688568173,0.416,0.523809524,0.538071066,0.329,0.778735632,0.758163265,0.729,0.563492063,0.639588101,0.453955901,0.603773585,0.415322581,0.899830221,0.98381071
1265,164,Marist,0.25,-12.33,-2.74,-0.625,-0.166666667,-1.2,-0.372572816,0.803738318,0.610929853,0.663501709,0.429,0.614035088,0.622673435,0.333,0.689655172,0.675510204,0.725,0.373015873,0.570938215,0.456549935,0.393530997,0.334677419,0.694397284,0.782067248
1266,165,Marquette NCAA,0.594,15.26,8.6,0.125,0.611111111,-0.2,0.258495146,0.800623053,0.74959217,0.717052791,0.487,0.842105263,0.662436548,0.429,0.656609195,0.596938776,0.781,0.444444444,0.605263158,0.680933852,0.622641509,0.463709677,0.672325976,0.772104608
1267,166,Marshall,0.571,0.18,-1.05,0.125,0.555555556,-0.7,0.07038835,0.881619938,0.83278956,0.849601215,0.456,0.892230576,0.813874788,0.37,0.860632184,0.832653061,0.734,0.515873016,0.738558352,0.747081712,0.568733154,0.564516129,0.735144312,0.800747198
1420,167,Maryland-Baltimore County,0.618,-3.84,-5.87,0.125,0.444444444,0,0.163834951,0.866043614,0.780587276,0.775161413,0.469,0.827067669,0.710659898,0.393,0.739942529,0.705102041,0.745,0.487301587,0.685926773,0.657587549,0.603773585,0.322580645,0.697792869,0.778331258
1271,168,Maryland-Eastern Shore,0.412,-13.77,-7.61,0.125,0.166666667,-0.9,-0.192961165,0.859813084,0.696574225,0.764527155,0.424,0.656641604,0.647208122,0.342,0.655172414,0.681632653,0.683,0.534920635,0.653318078,0.582360571,0.520215633,0.358870968,0.721561969,0.828144458
1268,169,Maryland NCAA,0.727,12.79,8.29,0.375,0.444444444,0.6,0.233009709,0.825545171,0.674551387,0.698822636,0.449,0.681704261,0.640439932,0.359,0.735632184,0.746938776,0.699,0.557142857,0.671052632,0.612191958,0.485175202,0.620967742,0.723259762,0.763387298
1262,170,Massachusetts-Lowell,0.355,-10.13,-6.4,-0.375,0.111111111,-1.2,-0.106796117,0.781931464,0.715334421,0.693125712,0.481,0.646616541,0.560067682,0.39,0.599137931,0.578571429,0.735,0.444444444,0.59382151,0.642023346,0.460916442,0.258064516,0.80475382,0.774595268
1269,171,Massachusetts,0.455,1.63,1.66,-0.625,0.222222222,-0.7,-0.001213592,0.822429907,0.6908646,0.736422332,0.437,0.586466165,0.66751269,0.297,0.636494253,0.684693878,0.66,0.528571429,0.67791762,0.68612192,0.673854447,0.681451613,0.830220713,0.899128269
1270,172,McNeese State,0.241,-14.28,-4.12,-0.625,-0.333333333,-0.9,-0.302184466,0.725856698,0.58319739,0.644511964,0.421,0.488721805,0.496615905,0.332,0.600574713,0.62244898,0.685,0.452380952,0.558924485,0.391699092,0.428571429,0.366935484,0.684210526,0.713574097
1272,173,Memphis,0.594,6.47,3.19,0,0.555555556,-0.3,0.127427184,0.803738318,0.694942904,0.731484998,0.442,0.453634085,0.518612521,0.295,0.692528736,0.720408163,0.683,0.592063492,0.670480549,0.658884565,0.595687332,0.60483871,0.624787776,0.665006227
1273,174,Mercer,0.469,-1.12,-0.92,0,0.055555556,-0.1,0.10315534,0.806853583,0.641924959,0.673756172,0.444,0.611528822,0.590524535,0.35,0.645114943,0.585714286,0.782,0.582539683,0.671624714,0.561608301,0.361185984,0.298387097,0.623089983,0.679950187
1274,175,Miami (FL) NCAA,0.636,14.48,9.57,0.125,0.666666667,-0.2,0.196601942,0.825545171,0.663132137,0.683630839,0.452,0.523809524,0.496615905,0.356,0.636494253,0.629591837,0.718,0.576190476,0.672768879,0.504539559,0.574123989,0.504032258,0.707979626,0.638854296
1275,176,Miami (OH),0.344,-8.16,-2.1,-0.625,0.111111111,-1.2,-0.163834951,0.803738318,0.641924959,0.689327763,0.434,0.498746867,0.547377327,0.308,0.683908046,0.703061224,0.691,0.473015873,0.624141876,0.472114137,0.641509434,0.504032258,0.79286927,0.799501868
1277,177,Michigan State NCAA,0.571,13.67,10.5,0.125,0.666666667,-0.5,0.134708738,0.875389408,0.73817292,0.731864793,0.47,0.684210526,0.61928934,0.373,0.620689655,0.659183673,0.669,0.520634921,0.729405034,0.766536965,0.407008086,0.653225806,0.831918506,0.870485679
1276,178,Michigan NCAA,0.684,18.8,10.17,0.125,0.666666667,-0.5,0.398058252,0.956386293,0.817292007,0.788454235,0.483,0.904761905,0.792724196,0.385,0.698275862,0.636734694,0.779,0.444444444,0.635583524,0.683527886,0.592991914,0.435483871,0.590831919,0.711083437
,179,Middle Tennessee NCAA,0.861,9.8,-0.48,1,0.611111111,0.9,0.483009709,0.900311526,0.827079935,0.78883403,0.488,0.571428571,0.526226734,0.367,0.63362069,0.643877551,0.699,0.563492063,0.72826087,0.715953307,0.652291105,0.403225806,0.634974533,0.815691158
1454,180,Milwaukee,0.314,-7.37,-2.17,-0.625,-0.166666667,-1.1,-0.178398058,0.890965732,0.701468189,0.740220281,0.441,0.681704261,0.661590525,0.348,0.510057471,0.548979592,0.66,0.444444444,0.633295195,0.605706874,0.442048518,0.213709677,0.694397284,0.798256538
1278,181,Minnesota NCAA,0.706,14.56,8.82,0.25,0.777777778,0,0.236650485,0.866043614,0.723491028,0.773642233,0.435,0.523809524,0.51607445,0.343,0.823275862,0.82244898,0.711,0.6,0.767162471,0.657587549,0.522911051,0.915322581,0.667232598,0.718555417
1280,182,Mississippi State,0.5,7.12,5.9,-0.375,0.166666667,-0.6,0.047330097,0.800623053,0.669657423,0.70224079,0.444,0.619047619,0.601522843,0.347,0.619252874,0.639795918,0.687,0.492063492,0.646453089,0.500648508,0.644204852,0.528225806,0.735144312,0.794520548
1290,183,Mississippi Valley State,0.219,-20.54,-7.11,-0.25,0.055555556,-1.8,-0.52184466,0.806853583,0.66721044,0.737561717,0.421,0.436090226,0.429780034,0.343,0.607758621,0.664285714,0.65,0.611111111,0.633867277,0.485084306,0.587601078,0.241935484,0.78098472,0.777085928
1279,184,Mississippi,0.611,9.65,7.99,0.125,0.388888889,0,0.072815534,0.903426791,0.745513866,0.821116597,0.423,0.709273183,0.689509306,0.347,1,0.944897959,0.752,0.726984127,0.813501144,0.60311284,0.654986523,0.600806452,0.876061121,0.874221669
1282,185,Missouri-Kansas City,0.514,-4.97,-1.06,0.125,0.388888889,-0.6,-0.075242718,0.875389408,0.743066884,0.788454235,0.439,0.789473684,0.717428088,0.371,0.795977011,0.792857143,0.713,0.56031746,0.693935927,0.584954604,0.636118598,0.370967742,0.865874363,0.96139477
1283,186,Missouri State,0.515,2.84,1.18,-0.25,0.277777778,-0.4,0.152912621,0.838006231,0.683523654,0.719711356,0.442,0.676691729,0.629441624,0.363,0.656609195,0.665306122,0.701,0.598412698,0.693363844,0.522697795,0.474393531,0.512096774,0.689303905,0.728518057
1281,187,Missouri,0.25,2.98,6.73,-0.875,-0.277777778,-0.9,-0.145631068,0.803738318,0.60685155,0.718951766,0.393,0.563909774,0.625211506,0.304,0.718390805,0.746938776,0.683,0.566666667,0.66819222,0.500648508,0.539083558,0.274193548,0.651952462,0.805728518
1284,188,Monmouth,0.794,4.94,-2.62,1,0.611111111,0.8,0.311893204,0.856697819,0.757748777,0.807823775,0.437,0.759398496,0.687817259,0.373,0.862068966,0.809183673,0.757,0.603174603,0.749427918,0.559014267,0.633423181,0.625,0.721561969,0.867995019
1286,189,Montana State,0.5,-6.14,-5.88,0.25,0.388888889,-0.6,0.035194175,0.822429907,0.699021207,0.747436384,0.435,0.802005013,0.721658206,0.375,0.757183908,0.736734694,0.73,0.533333333,0.667620137,0.548638132,0.48787062,0.298387097,0.667232598,0.911581569
1285,190,Montana,0.5,-2.67,-4.02,0.25,0.166666667,-0.1,0.052184466,0.803738318,0.687601958,0.713634637,0.449,0.596491228,0.5642978,0.357,0.670977011,0.633673469,0.752,0.492063492,0.6201373,0.539559014,0.48787062,0.366935484,0.58573854,0.870485679
1287,191,Morehead State,0.467,-3.6,-1.85,0.25,0.333333333,-0.7,0.071601942,0.757009346,0.716150082,0.7238891,0.461,0.54887218,0.480541455,0.386,0.567528736,0.555102041,0.726,0.628571429,0.645881007,0.625162127,0.544474394,0.383064516,0.685908319,0.788293898
1288,192,Morgan State,0.467,-15.03,-11.2,0.375,0.222222222,-0.5,-0.116504854,0.753894081,0.563621533,0.680972275,0.385,0.398496241,0.457698816,0.294,0.695402299,0.694897959,0.711,0.673015873,0.66819222,0.417639429,0.458221024,0.407258065,0.713073005,0.749688667
1291,193,Mount St. Mary's NCAA,0.556,-4.29,-3.51,0.625,0.388888889,-0.3,-0.033980583,0.900311526,0.715334421,0.750854539,0.444,0.654135338,0.617597293,0.358,0.619252874,0.653061224,0.673,0.438095238,0.618993135,0.522697795,0.598382749,0.572580645,0.801358234,0.797011208
1293,194,Murray State,0.485,-3.06,-4.41,0,0.333333333,-0.8,0.116504854,0.841121495,0.733278956,0.774781618,0.441,0.724310777,0.679357022,0.36,0.793103448,0.766326531,0.735,0.633333333,0.711098398,0.594033722,0.533692722,0.302419355,0.684210526,0.820672478
1298,195,Navy,0.5,-4.11,-3.92,0.125,0.333333333,-0.4,0.025485437,0.800623053,0.599510604,0.660843145,0.422,0.516290727,0.566835871,0.307,0.574712644,0.636734694,0.641,0.673015873,0.648741419,0.561608301,0.611859838,0.266129032,0.787775891,0.739726027
1303,196,Nebraska-Omaha,0.563,-2.24,-1.11,0.125,0.222222222,-0.1,0.014563107,0.806853583,0.730016313,0.748955564,0.454,0.744360902,0.647208122,0.388,0.859195402,0.815306122,0.748,0.536507937,0.657322654,0.573281453,0.706199461,0.431451613,0.753820034,0.767123288
1304,197,Nebraska,0.387,6.47,10.74,-0.375,0,-0.5,-0.116504854,0.785046729,0.646818923,0.7238891,0.416,0.448621554,0.473773266,0.32,0.579022989,0.579591837,0.71,0.652380952,0.679061785,0.459143969,0.568733154,0.467741935,0.697792869,0.718555417
1424,198,Nevada-Las Vegas,0.344,-3.75,2.59,-0.625,-0.055555556,-0.7,-0.246359223,0.806853583,0.609298532,0.718951766,0.395,0.533834586,0.563451777,0.32,0.711206897,0.725510204,0.696,0.579365079,0.69221968,0.534370947,0.509433962,0.342741935,0.696095076,0.671232877
1305,199,Nevada NCAA,0.8,10.49,2.03,0.625,0.666666667,0.4,0.359223301,0.875389408,0.761011419,0.790733004,0.448,0.802005013,0.708121827,0.382,0.870689655,0.876530612,0.705,0.612698413,0.772883295,0.725032425,0.509433962,0.612903226,0.655348048,0.723536737
1306,200,New Hampshire,0.625,-3.57,-4.46,0.25,0.388888889,0.1,0.192961165,0.809968847,0.638662316,0.678693506,0.438,0.64160401,0.615059222,0.352,0.653735632,0.640816327,0.725,0.514285714,0.70194508,0.516212711,0.347708895,0.237903226,0.680814941,0.628891656
1308,201,New Mexico State NCAA,0.824,4.66,-3.82,0.5,0.888888889,0.4,0.446601942,0.85046729,0.744698206,0.74325864,0.467,0.631578947,0.631979695,0.337,0.862068966,0.860204082,0.712,0.692063492,0.766018307,0.654993515,0.447439353,0.516129032,0.789473684,0.780821918
1307,202,New Mexico,0.548,3.04,2.07,0.125,0.388888889,-0.2,0.036407767,0.775700935,0.634584013,0.642992784,0.46,0.363408521,0.375634518,0.327,0.836206897,0.795918367,0.746,0.434920635,0.612700229,0.543450065,0.509433962,0.439516129,0.684210526,0.760896638
1309,203,New Orleans NCAA,0.625,-4.1,-5.34,0.5,0.444444444,-0.1,0.140776699,0.809968847,0.676998369,0.666540068,0.473,0.348370927,0.370558376,0.317,0.764367816,0.764285714,0.71,0.612698413,0.652173913,0.648508431,0.679245283,0.391129032,0.906621392,0.699875467
1310,204,Niagara,0.303,-8.34,-4.37,-0.5,-0.166666667,-1,-0.158980583,0.831775701,0.69004894,0.772882643,0.416,0.611528822,0.5642978,0.366,0.735632184,0.696938776,0.75,0.617460317,0.720823799,0.539559014,0.46361186,0.612903226,0.726655348,0.752179328
1311,205,Nicholls State,0.452,-14.57,-5.23,-0.25,0.388888889,-1,-0.17961165,0.781931464,0.628874388,0.685150019,0.427,0.696741855,0.681049069,0.345,0.712643678,0.684693878,0.739,0.480952381,0.583524027,0.55771725,0.630727763,0.766129032,0.765704584,0.745952677
1312,206,NJIT,0.355,-10.12,-4.22,-0.5,0.222222222,-1.3,-0.08131068,0.775700935,0.641109299,0.705279149,0.423,0.646616541,0.655668359,0.333,0.604885057,0.61122449,0.703,0.544444444,0.648741419,0.51232166,0.547169811,0.358870968,0.709677419,0.745952677
1313,207,Norfolk State,0.5,-12.07,-8.57,0.5,0.444444444,-0.7,-0.067961165,0.859813084,0.674551387,0.740220281,0.424,0.563909774,0.560913706,0.339,0.711206897,0.741836735,0.681,0.579365079,0.74771167,0.486381323,0.466307278,0.725806452,0.85229202,0.877957659
1421,208,North Carolina-Asheville,0.697,0.84,-5.61,0.75,0.666666667,0.2,0.343446602,0.838006231,0.740619902,0.72464869,0.476,0.661654135,0.566835871,0.394,0.666666667,0.694897959,0.681,0.446031746,0.627002288,0.664072633,0.824797844,0.258064516,0.651952462,0.688667497
1299,209,North Carolina A&T,0.094,-23.07,-9.61,-0.875,-0.388888889,-1.8,-0.459951456,0.809968847,0.593800979,0.651728067,0.424,0.501253133,0.51607445,0.328,0.574712644,0.598979592,0.681,0.557142857,0.630434783,0.456549935,0.388140162,0.278225806,0.791171477,0.783312578
1300,210,North Carolina Central NCAA,0.735,-3.18,-12.12,0.625,0.5,0.5,0.464805825,0.847352025,0.742251223,0.761488796,0.454,0.639097744,0.643824027,0.335,0.670977011,0.697959184,0.683,0.63015873,0.751144165,0.622568093,0.563342318,0.451612903,0.689303905,0.731008717
1422,211,North Carolina-Greensboro,0.714,-0.1,-2.63,0.625,0.5,0.3,0.247572816,0.872274143,0.772430669,0.775921003,0.464,0.771929825,0.682741117,0.382,0.612068966,0.615306122,0.706,0.642857143,0.711098398,0.680933852,0.660377358,0.536290323,0.80475382,0.794520548
1301,212,North Carolina State,0.469,6.09,8.09,-0.625,0.222222222,-0.6,-0.077669903,0.803738318,0.724306688,0.720850741,0.468,0.56641604,0.537225042,0.356,0.691091954,0.701020408,0.7,0.522222222,0.664187643,0.592736706,0.436657682,0.564516129,0.726655348,0.724782067
1423,213,North Carolina-Wilmington NCAA,0.829,8.06,-0.55,0.75,0.666666667,0.8,0.416262136,0.875389408,0.873572594,0.847322446,0.48,0.842105263,0.775803723,0.366,0.702586207,0.72244898,0.691,0.66984127,0.721395881,0.73151751,0.630727763,0.463709677,0.616298812,0.870485679
1314,214,North Carolina NCAA,0.825,24.84,11.76,0.625,0.888888889,0.1,0.671116505,1,1,1,0.466,0.709273183,0.675126904,0.355,0.922413793,0.934693878,0.701,1,1,0.936446174,0.762803235,0.560483871,0.803056027,0.885429639
1295,215,North Dakota State,0.633,-1.31,-2.63,0.375,0.5,0,0.118932039,0.757009346,0.632137031,0.642992784,0.458,0.581453634,0.532994924,0.368,0.663793103,0.663265306,0.711,0.40952381,0.598970252,0.473411154,0.493261456,0.447580645,0.590831919,0.623910336
1315,216,North Dakota NCAA,0.688,-1.83,-5.45,0.625,0.5,0.1,0.268203883,0.809968847,0.755301794,0.728826434,0.483,0.571428571,0.494923858,0.39,0.715517241,0.712244898,0.713,0.471428571,0.655606407,0.631647211,0.676549865,0.375,0.711375212,0.836861768
1316,217,North Florida,0.441,-7.78,-1.65,0.125,0.277777778,-0.9,-0.044902913,0.847352025,0.755301794,0.769084694,0.457,0.739348371,0.711505922,0.351,0.704022989,0.763265306,0.655,0.671428571,0.755720824,0.579766537,0.498652291,0.576612903,0.920203735,0.795765878
1317,218,North Texas,0.267,-11.14,-3.32,-0.875,-0.222222222,-1,-0.222087379,0.750778816,0.603588907,0.663501709,0.424,0.466165414,0.492385787,0.32,0.587643678,0.645918367,0.646,0.476190476,0.614988558,0.438391699,0.53638814,0.383064516,0.696095076,0.706102117
1318,219,Northeastern,0.484,-0.78,-0.91,-0.125,0.166666667,-0.3,0.004854369,0.781931464,0.625611746,0.63881504,0.456,0.669172932,0.615905245,0.367,0.622126437,0.648979592,0.681,0.419047619,0.594393593,0.536964981,0.458221024,0.451612903,0.662139219,0.650062267
1319,220,Northern Arizona,0.281,-13.92,-5.95,-0.375,-0.111111111,-1,-0.265776699,0.800623053,0.627243067,0.718571971,0.406,0.598997494,0.631133672,0.32,0.632183908,0.657142857,0.683,0.606349206,0.696796339,0.570687419,0.382749326,0.254032258,0.789473684,0.734744707
1294,221,Northern Colorado,0.379,-9.27,-4.2,-0.25,0,-0.7,-0.111650485,0.728971963,0.597063622,0.632738321,0.439,0.636591479,0.61928934,0.347,0.512931034,0.602040816,0.605,0.492063492,0.614988558,0.50843061,0.396226415,0.258064516,0.691001698,0.701120797
1296,222,Northern Illinois,0.469,-3.29,-2.05,-0.25,0.055555556,-0.3,0.059466019,0.816199377,0.675367047,0.718192176,0.438,0.403508772,0.436548223,0.312,0.708333333,0.742857143,0.677,0.634920635,0.692791762,0.450064851,0.60916442,0.322580645,0.728353141,0.769613948
1320,223,Northern Iowa,0.467,1.29,5.22,0,0.277777778,-0.6,-0.093446602,0.757009346,0.507340946,0.592100266,0.399,0.573934837,0.593908629,0.326,0.547413793,0.530612245,0.733,0.288888889,0.50228833,0.386511025,0.530997305,0.338709677,0.580645161,0.577833126
1297,224,Northern Kentucky NCAA,0.686,-0.17,-2.84,0.375,0.555555556,0.1,0.184466019,0.872274143,0.756933116,0.773642233,0.456,0.751879699,0.726734349,0.349,0.722701149,0.755102041,0.68,0.620634921,0.754576659,0.630350195,0.539083558,0.39516129,0.794567063,0.774595268
1322,225,Northwestern State,0.448,-12.03,-6.07,-0.25,0.055555556,-0.5,-0.117718447,0.728971963,0.612561175,0.644891758,0.442,0.50877193,0.469543147,0.366,0.716954023,0.737755102,0.69,0.534920635,0.600114416,0.525291829,0.528301887,0.310483871,0.74533107,0.707347447
1321,226,Northwestern NCAA,0.667,14.02,8.43,0.125,0.555555556,0,0.243932039,0.897196262,0.744698206,0.795290543,0.436,0.64160401,0.631979695,0.343,0.683908046,0.65,0.747,0.612698413,0.745995423,0.700389105,0.51212938,0.705645161,0.650254669,0.860523039
1323,227,Notre Dame NCAA,0.722,17.81,9.78,0.375,0.777777778,0.1,0.350728155,0.900311526,0.799347471,0.812381314,0.458,0.837092732,0.735194585,0.384,0.702586207,0.623469388,0.8,0.53015873,0.693363844,0.734111543,0.687331536,0.540322581,0.578947368,0.663760897
1324,228,Oakland,0.735,4.22,-3,0.625,0.5,0.8,0.339805825,0.85046729,0.762642741,0.781238131,0.455,0.619047619,0.624365482,0.335,0.836206897,0.780612245,0.761,0.56031746,0.757437071,0.747081712,0.716981132,0.685483871,0.784380306,0.737235367
1326,229,Ohio State,0.531,10.31,7.28,-0.25,0.388888889,-0.3,0.117718447,0.800623053,0.674551387,0.678313711,0.463,0.528822055,0.500846024,0.356,0.666666667,0.693877551,0.682,0.514285714,0.681350114,0.562905318,0.447439353,0.487903226,0.718166384,0.699875467
1325,230,Ohio,0.645,3.9,-2.56,0.25,0.444444444,0.1,0.268203883,0.77258567,0.681076672,0.697683251,0.455,0.714285714,0.627749577,0.384,0.620689655,0.63877551,0.69,0.450793651,0.652745995,0.538261997,0.490566038,0.35483871,0.658743633,0.684931507
1329,231,Oklahoma State NCAA,0.606,19.19,12.22,0,0.333333333,0.2,0.290048544,0.822429907,0.780587276,0.778579567,0.467,0.736842105,0.61928934,0.402,0.890804598,0.802040816,0.789,0.720634921,0.695080092,0.630350195,0.679245283,0.399193548,0.73344652,0.909090909
1328,232,Oklahoma,0.355,11.42,12.62,-0.5,0.055555556,-0.8,-0.044902913,0.788161994,0.64274062,0.707557919,0.423,0.481203008,0.472081218,0.344,0.709770115,0.698979592,0.721,0.573015873,0.671052632,0.42542153,0.574123989,0.592741935,0.726655348,0.749688667
1330,233,Old Dominion,0.613,1.94,-1.35,0.375,0.388888889,0.2,0.123786408,0.778816199,0.592985318,0.670338017,0.412,0.393483709,0.410321489,0.324,0.556034483,0.614285714,0.643,0.653968254,0.680778032,0.547341115,0.528301887,0.572580645,0.590831919,0.704856787
1331,234,Oral Roberts,0.267,-5.51,1.24,-0.5,0.055555556,-1.2,-0.177184466,0.753894081,0.660685155,0.690846943,0.445,0.541353383,0.497461929,0.367,0.597701149,0.559183673,0.759,0.441269841,0.591533181,0.548638132,0.436657682,0.35483871,0.611205433,0.665006227
1333,235,Oregon State,0.156,-4.59,5.89,-1,-0.333333333,-1.3,-0.36407767,0.800623053,0.588091354,0.64033422,0.428,0.50877193,0.495769882,0.346,0.540229885,0.580612245,0.661,0.46031746,0.59382151,0.492866407,0.477088949,0.475806452,0.833616299,0.760896638
1332,236,Oregon NCAA,0.846,20.8,8.38,0.875,0.944444444,0.4,0.620145631,0.975077882,0.889885808,0.862134447,0.481,0.837092732,0.744500846,0.38,0.804597701,0.803061224,0.712,0.653968254,0.818649886,0.796368353,0.681940701,1,0.770797963,0.764632628
1334,237,Pacific,0.333,-4.57,2.09,-0.625,0,-1,-0.200242718,0.825545171,0.639477977,0.736422332,0.404,0.463659148,0.473773266,0.33,0.650862069,0.684693878,0.675,0.611111111,0.700800915,0.513618677,0.377358491,0.254032258,0.655348048,0.859277709
1336,238,Penn State,0.455,7.9,8.9,-0.375,0.111111111,-0.4,-0.040048544,0.838006231,0.672920065,0.755412077,0.415,0.576441103,0.574450085,0.339,0.699712644,0.667346939,0.745,0.523809524,0.667048055,0.582360571,0.603773585,0.741935484,0.730050934,0.742216687
1335,239,Pennsylvania,0.464,-0.65,-1.5,-0.125,0,-0.1,0.029126214,0.700934579,0.579119086,0.608811242,0.443,0.586466165,0.583756345,0.339,0.393678161,0.425510204,0.657,0.423809524,0.556064073,0.520103761,0.48787062,0.403225806,0.607809847,0.623910336
1337,240,Pepperdine,0.29,-10,1.87,-0.5,0,-1.1,-0.424757282,0.77258567,0.658238173,0.687808583,0.446,0.446115288,0.407783418,0.369,0.5,0.554081633,0.641,0.468253968,0.590961098,0.544747082,0.423180593,0.338709677,0.660441426,0.661270237
1338,241,Pittsburgh,0.485,9.25,11.06,-0.625,0.277777778,-0.6,-0.072815534,0.834890966,0.658238173,0.693125712,0.442,0.65914787,0.615905245,0.361,0.757183908,0.733673469,0.733,0.498412698,0.662471396,0.613488975,0.342318059,0.451612903,0.672325976,0.682440847
1340,242,Portland State,0.484,-7.06,-6.63,-0.25,0.388888889,-0.8,0.133495146,0.797507788,0.782218597,0.756171667,0.482,0.596491228,0.589678511,0.341,0.702586207,0.758163265,0.658,0.511111111,0.608695652,0.636835279,0.827493261,0.326612903,0.638370119,0.734744707
1339,243,Portland,0.333,-5.81,2.32,-0.875,-0.277777778,-0.7,-0.203883495,0.831775701,0.618270799,0.680972275,0.423,0.536340852,0.484771574,0.373,0.69683908,0.668367347,0.74,0.441269841,0.628146453,0.42153048,0.4393531,0.451612903,0.719864177,0.723536737
1341,244,Prairie View,0.394,-14.54,-8.48,0.125,0.388888889,-1.4,-0.173543689,0.828660436,0.64274062,0.698442841,0.428,0.593984962,0.573604061,0.35,0.665229885,0.67244898,0.703,0.463492063,0.582951945,0.523994812,0.735849057,0.487903226,0.740237691,0.871731009
1342,245,Presbyterian,0.167,-23.63,-5.95,-1,-0.166666667,-1.7,-0.496359223,0.750778816,0.544045677,0.614508166,0.412,0.453634085,0.442470389,0.346,0.461206897,0.47755102,0.686,0.476190476,0.56006865,0.472114137,0.385444744,0.290322581,0.765704584,0.646326276
1343,246,Princeton NCAA,0.767,6.57,-1.84,0.875,0.5,0.6,0.371359223,0.750778816,0.629690049,0.651728067,0.45,0.746867168,0.66751269,0.378,0.441091954,0.424489796,0.738,0.392063492,0.573798627,0.552529183,0.539083558,0.375,0.505942275,0.600249066
1344,247,Providence NCAA,0.606,11.24,7.84,0.125,0.666666667,-0.3,0.13592233,0.825545171,0.655791191,0.681731865,0.448,0.598997494,0.545685279,0.371,0.67816092,0.696938776,0.691,0.466666667,0.6298627,0.610894942,0.587601078,0.39516129,0.699490662,0.708592777
1345,248,Purdue NCAA,0.771,20.13,8.79,0.625,0.722222222,0.2,0.481796117,0.881619938,0.799347471,0.776300798,0.479,0.789473684,0.661590525,0.403,0.739942529,0.693877551,0.757,0.546031746,0.756292906,0.830090791,0.48787062,0.350806452,0.772495756,0.687422167
1346,249,Quinnipiac,0.323,-9.86,-3.22,-0.375,-0.111111111,-0.7,-0.25,0.778816199,0.691680261,0.762628181,0.422,0.571428571,0.592216582,0.326,0.650862069,0.676530612,0.683,0.685714286,0.699656751,0.579766537,0.479784367,0.447580645,0.760611205,0.755915318
1347,250,Radford,0.438,-11.34,-4.58,-0.125,0.111111111,-0.7,-0.190533981,0.809968847,0.60766721,0.684390429,0.413,0.619047619,0.604906937,0.345,0.507183908,0.540816327,0.666,0.628571429,0.697368421,0.509727626,0.412398922,0.459677419,0.797962649,0.684931507
1348,251,Rhode Island NCAA,0.714,12.88,4.62,0.5,0.555555556,0.2,0.350728155,0.875389408,0.747145188,0.766805925,0.454,0.543859649,0.552453469,0.332,0.75862069,0.807142857,0.668,0.649206349,0.744279176,0.605706874,0.611859838,0.830645161,0.660441426,0.902864259
1349,252,Rice,0.657,0.51,-4.16,0.25,0.388888889,0.4,0.246359223,0.881619938,0.771615008,0.777819977,0.462,0.817042607,0.710659898,0.388,0.912356322,0.875510204,0.74,0.56031746,0.761441648,0.627756161,0.595687332,0.52016129,0.889643463,0.833125778
1350,253,Richmond,0.629,5.45,3.28,0.5,0.388888889,0.2,0.09223301,0.878504673,0.765089723,0.756931257,0.471,0.679197995,0.670896785,0.342,0.645114943,0.642857143,0.713,0.374603175,0.616704805,0.767833982,0.625336927,0.27016129,0.677419355,0.789539228
1351,254,Rider,0.545,-5.34,-5.28,0,0.111111111,0,-0.002427184,0.825545171,0.739804241,0.772502848,0.446,0.448621554,0.456006768,0.332,0.725574713,0.767346939,0.672,0.668253968,0.761441648,0.604409857,0.590296496,0.47983871,0.81663837,0.809464508
1352,255,Robert Morris,0.424,-8.56,-5.13,0,-0.055555556,-0.6,-0.137135922,0.825545171,0.593800979,0.690467148,0.4,0.458646617,0.485617597,0.319,0.698275862,0.765306122,0.648,0.576190476,0.651601831,0.451361868,0.703504043,0.322580645,0.843803056,0.835616438
1353,256,Rutgers,0.455,3.69,6.22,-0.75,0.222222222,-0.7,-0.063106796,0.825545171,0.659869494,0.747056589,0.411,0.380952381,0.424703892,0.303,0.564655172,0.643877551,0.623,0.761904762,0.754576659,0.46692607,0.58490566,0.616935484,0.741935484,0.727272727
1170,257,Sacramento State,0.419,-10.69,-5.58,0,0.166666667,-0.6,-0.120145631,0.785046729,0.659053834,0.668059248,0.459,0.401002506,0.428087986,0.316,0.614942529,0.670408163,0.651,0.485714286,0.629290618,0.529182879,0.39083558,0.544354839,0.611205433,0.707347447
1357,258,Sacred Heart,0.406,-10.95,-7.52,-0.125,-0.111111111,-0.4,-0.133495146,0.813084112,0.67862969,0.714774022,0.442,0.501253133,0.505076142,0.335,0.663793103,0.67244898,0.701,0.573015873,0.683066362,0.595330739,0.58490566,0.346774194,0.876061121,0.768368618
1384,259,Saint Francis (PA),0.5,-8.13,-7.65,0.25,0.111111111,-0.2,0.053398058,0.856697819,0.769168026,0.767565515,0.467,0.694235589,0.599830795,0.391,0.594827586,0.610204082,0.692,0.542857143,0.711098398,0.612191958,0.606469003,0.548387097,0.833616299,0.686176837
1386,260,Saint Joseph's,0.355,0.14,3.69,-0.625,-0.111111111,-0.5,-0.133495146,0.778816199,0.615823817,0.686669199,0.418,0.436090226,0.454314721,0.324,0.676724138,0.739795918,0.65,0.557142857,0.647597254,0.456549935,0.404312668,0.427419355,0.629881154,0.681195517
1387,261,Saint Louis,0.364,-6.09,1.85,-0.375,0.111111111,-0.9,-0.317961165,0.828660436,0.57096248,0.65818458,0.404,0.576441103,0.568527919,0.342,0.568965517,0.609183673,0.663,0.442857143,0.625286041,0.548638132,0.442048518,0.383064516,0.748726655,0.795765878
1388,262,Saint Mary's (CA) NCAA,0.853,16.75,2.19,0.875,0.722222222,0.9,0.600728155,0.847352025,0.727569331,0.682491455,0.496,0.73433584,0.629441624,0.394,0.534482759,0.509183673,0.745,0.514285714,0.689359268,0.730220493,0.385444744,0.443548387,0.619694397,0.637608966
1389,263,Saint Peter's,0.639,1.6,-3.6,0.5,0.222222222,0.4,0.226941748,0.903426791,0.672920065,0.718192176,0.436,0.721804511,0.638747885,0.381,0.629310345,0.637755102,0.701,0.471428571,0.676201373,0.570687419,0.676549865,0.427419355,0.675721562,0.711083437
1358,264,Sam Houston State,0.618,-7.55,-6.35,0.125,0.666666667,-0.4,0.123786408,0.85046729,0.732463295,0.780478542,0.437,0.531328321,0.567681895,0.316,0.744252874,0.770408163,0.686,0.636507937,0.733981693,0.657587549,0.644204852,0.375,0.791171477,0.943960149
1359,265,Samford,0.556,-1.87,-3.7,-0.125,0.222222222,-0.1,0.122572816,0.92834891,0.778955954,0.774022028,0.469,0.69924812,0.598138748,0.395,0.926724138,0.885714286,0.743,0.547619048,0.743707094,0.753566796,0.598382749,0.35483871,0.837011885,0.844333748
1361,266,San Diego State,0.576,6.88,1.47,0,0.333333333,-0.6,0.237864078,0.825545171,0.637846656,0.713254842,0.416,0.5839599,0.622673435,0.317,0.665229885,0.676530612,0.698,0.555555556,0.685926773,0.46692607,0.611859838,0.661290323,0.65704584,0.712328767
1360,267,San Diego,0.419,-5.78,0.92,-0.375,-0.166666667,-0.1,-0.224514563,0.788161994,0.543230016,0.621344474,0.407,0.646616541,0.626903553,0.348,0.625,0.615306122,0.721,0.403174603,0.588100686,0.48767834,0.326145553,0.217741935,0.643463497,0.747198007
1362,268,San Francisco,0.606,3.8,0.42,0.125,0.444444444,-0.2,0.169902913,0.822429907,0.707993475,0.734523357,0.449,0.749373434,0.723350254,0.35,0.469827586,0.524489796,0.636,0.498412698,0.679061785,0.555123217,0.592991914,0.370967742,0.704584041,0.795765878
1363,269,San Jose State,0.467,-2.84,1.74,-0.25,0.111111111,-0.3,-0.060679612,0.750778816,0.629690049,0.664641094,0.441,0.501253133,0.485617597,0.348,0.647988506,0.656122449,0.701,0.423809524,0.580663616,0.540856031,0.51212938,0.5,0.640067912,0.733499377
1365,270,Santa Clara,0.515,2.69,2.03,0.125,0.277777778,-0.2,0.055825243,0.834890966,0.634584013,0.677554121,0.436,0.796992481,0.703891709,0.382,0.474137931,0.460204082,0.732,0.322222222,0.560640732,0.601815824,0.458221024,0.262096774,0.578947368,0.768368618
1366,271,Savannah State,0.448,-16.04,-8.44,0.25,0.166666667,-0.4,-0.218446602,0.725856698,0.679445351,0.770983669,0.41,0.98245614,1,0.332,0.613505747,0.67244898,0.648,0.568253968,0.668764302,0.649805447,0.60916442,0.379032258,0.731748727,0.711083437
1370,272,Seattle,0.433,-8.36,-3.95,-0.25,0.111111111,-0.6,-0.060679612,0.763239875,0.581566069,0.625142423,0.433,0.651629073,0.639593909,0.344,0.581896552,0.584693878,0.707,0.353968254,0.578375286,0.617380026,0.53638814,0.25,0.740237691,0.707347447
1371,273,Seton Hall NCAA,0.636,12.1,9.25,0.125,0.555555556,-0.2,0.11407767,0.831775701,0.711256117,0.740220281,0.447,0.506265664,0.505922166,0.338,0.676724138,0.747959184,0.643,0.696825397,0.75,0.525291829,0.614555256,0.330645161,0.762308998,0.763387298
1373,274,Siena,0.5,-2,-2.23,0.25,0.333333333,-0.7,0.009708738,0.85046729,0.733278956,0.755412077,0.452,0.466165414,0.480541455,0.327,0.811781609,0.81122449,0.711,0.682539683,0.734553776,0.596627756,0.53638814,0.564516129,0.808149406,0.826899128
1375,275,South Alabama,0.438,-6.57,-2.9,-0.25,0.166666667,-0.6,-0.04368932,0.809968847,0.646818923,0.706038739,0.427,0.558897243,0.593908629,0.318,0.682471264,0.739795918,0.655,0.528571429,0.633867277,0.529182879,0.64690027,0.47983871,0.711375212,0.813200498
1354,276,South Carolina State,0.355,-18.37,-6.61,-0.125,0.111111111,-1,-0.387135922,0.778816199,0.649265905,0.70224079,0.431,0.463659148,0.489001692,0.32,0.560344828,0.575510204,0.691,0.507936508,0.566933638,0.492866407,0.41509434,0.258064516,0.650254669,0.739726027
1367,277,South Carolina Upstate,0.515,-7.64,-5.23,0,0,-0.1,0.05461165,0.831775701,0.763458401,0.775541208,0.458,0.711779449,0.694585448,0.346,0.602011494,0.651020408,0.657,0.628571429,0.731693364,0.658884565,0.482479784,0.419354839,0.714770798,0.678704857
1376,278,South Carolina NCAA,0.703,17.52,10.16,0.375,0.666666667,0.1,0.355582524,0.937694704,0.753670473,0.834409419,0.421,0.621553885,0.620135364,0.338,0.877873563,0.891836735,0.699,0.736507937,0.770022883,0.607003891,0.776280323,0.572580645,0.814940577,0.935242839
1355,279,South Dakota State NCAA,0.514,-2.3,-0.66,0,0.444444444,-0.9,-0.016990291,0.881619938,0.718597064,0.736042537,0.455,0.796992481,0.747038917,0.36,0.86637931,0.797959184,0.771,0.501587302,0.703089245,0.595330739,0.485175202,0.334677419,0.76910017,0.727272727
1377,280,South Dakota,0.647,-0.42,-2.08,0.5,0.666666667,0,0.152912621,0.85046729,0.739804241,0.776300798,0.444,0.561403509,0.555837563,0.341,0.863505747,0.869387755,0.705,0.563492063,0.725400458,0.538261997,0.622641509,0.463709677,0.682512733,0.818181818
1378,281,South Florida,0.233,-7.28,2.39,-1,-0.277777778,-1,-0.351941748,0.750778816,0.584013051,0.63957463,0.425,0.436090226,0.425549915,0.346,0.487068966,0.526530612,0.657,0.520634921,0.602402746,0.473411154,0.493261456,0.463709677,0.830220713,0.721046077
1369,282,Southeast Missouri State,0.455,-5.89,-4.28,0.125,0.333333333,-0.7,-0.004854369,0.828660436,0.694942904,0.720470946,0.449,0.65914787,0.605752961,0.367,0.708333333,0.67755102,0.742,0.458730159,0.585812357,0.588845655,0.668463612,0.254032258,0.696095076,0.801992528
1368,283,Southeastern Louisiana,0.5,-7.36,-8.13,0,0.444444444,-0.7,0.104368932,0.797507788,0.649265905,0.672236992,0.45,0.538847118,0.501692047,0.363,0.662356322,0.68877551,0.683,0.60952381,0.660183066,0.590142672,0.587601078,0.427419355,0.869269949,0.770859278
1425,284,Southern California NCAA,0.722,11.48,6.4,0.125,0.611111111,0.1,0.222087379,0.900311526,0.795269168,0.812381314,0.456,0.709273183,0.661590525,0.362,0.837643678,0.803061224,0.741,0.614285714,0.735697941,0.713359274,0.679245283,0.766129032,0.675721562,0.711083437
1188,285,SIU Edwardsville,0.2,-12.25,-3.29,-0.875,-0.388888889,-1.1,-0.288834951,0.753894081,0.560358891,0.64033422,0.407,0.355889724,0.411167513,0.292,0.75862069,0.795918367,0.677,0.56031746,0.613844394,0.395590143,0.382749326,0.342741935,0.740237691,0.818181818
1356,286,Southern Illinois,0.515,1.09,2.65,0,0.277777778,-0.4,-0.035194175,0.834890966,0.659053834,0.708697303,0.433,0.438596491,0.468697124,0.316,0.673850575,0.687755102,0.696,0.552380952,0.637299771,0.486381323,0.606469003,0.516129032,0.675721562,0.739726027
1374,287,Southern Methodist NCAA,0.857,18.71,4.45,1,1,0.5,0.605582524,0.872274143,0.745513866,0.734523357,0.473,0.71679198,0.596446701,0.406,0.69683908,0.710204082,0.697,0.66031746,0.763729977,0.734111543,0.539083558,0.471774194,0.640067912,0.630136986
1379,288,Southern Mississippi,0.29,-13.4,-2.78,-0.375,0.111111111,-1.1,-0.348300971,0.785046729,0.562805873,0.656285606,0.399,0.501253133,0.554145516,0.305,0.534482759,0.536734694,0.707,0.40952381,0.605263158,0.48767834,0.39083558,0.258064516,0.687606112,0.656288917
1381,289,Southern Utah,0.182,-15.58,-5.39,-0.75,-0.388888889,-1.2,-0.309466019,0.831775701,0.664763458,0.761109001,0.407,0.729323308,0.689509306,0.357,0.916666667,0.878571429,0.741,0.607936508,0.696796339,0.494163424,0.498652291,0.431451613,0.767402377,1
1380,290,Southern,0.455,-14.48,-11.68,0.125,0.388888889,-0.9,-0.049757282,0.825545171,0.672920065,0.716672997,0.437,0.408521303,0.431472081,0.32,0.78591954,0.802040816,0.696,0.642857143,0.713386728,0.498054475,0.495956873,0.487903226,0.76910017,0.790784558
1382,291,St. Bonaventure,0.625,5.95,1.48,0.25,0.388888889,0,0.173543689,0.803738318,0.672920065,0.707937714,0.443,0.503759398,0.488155668,0.348,0.873563218,0.807142857,0.769,0.585714286,0.659610984,0.548638132,0.619946092,0.556451613,0.680814941,0.831880448
1383,292,St. Francis (NY),0.129,-19.24,-6.54,-0.875,-0.388888889,-1.6,-0.440533981,0.778816199,0.530179445,0.710596278,0.347,0.553884712,0.670050761,0.279,0.574712644,0.628571429,0.649,0.619047619,0.616704805,0.372243839,0.5606469,0.358870968,0.643463497,0.836861768
1385,293,St. John's (NY),0.424,6.45,8.39,-0.25,0.222222222,-0.5,-0.077669903,0.822429907,0.706362153,0.759589821,0.433,0.696741855,0.645516074,0.364,0.752873563,0.736734694,0.726,0.534920635,0.650457666,0.57846952,0.603773585,0.794354839,0.735144312,0.856787049
1390,294,Stanford,0.452,6.39,8.59,-0.375,0.277777778,-0.9,-0.050970874,0.775700935,0.629690049,0.665780479,0.44,0.393483709,0.414551607,0.32,0.662356322,0.689795918,0.682,0.501587302,0.610411899,0.546044099,0.568733154,0.318548387,0.677419355,0.752179328
1372,295,Stephen F. Austin,0.545,-7.01,-5.75,0.375,0.555555556,-0.6,0.02184466,0.828660436,0.638662316,0.666160273,0.446,0.483709273,0.511844332,0.319,0.761494253,0.75,0.721,0.6,0.65617849,0.530479896,0.601078167,0.403225806,0.981324278,0.891656289
1391,296,Stetson,0.344,-14.21,-5.45,-0.5,0,-0.9,-0.222087379,0.800623053,0.722675367,0.762248386,0.441,0.654135338,0.65143824,0.339,0.629310345,0.678571429,0.659,0.434920635,0.645308924,0.565499351,0.417789757,0.286290323,0.614601019,0.757160648
1392,297,Stony Brook,0.563,-4.71,-5.05,0.5,0.222222222,-0.1,0.013349515,0.797507788,0.61908646,0.713254842,0.404,0.626566416,0.646362098,0.327,0.639367816,0.629591837,0.721,0.568253968,0.633867277,0.507133593,0.469002695,0.411290323,0.551782683,0.774595268
1393,298,Syracuse,0.559,13.7,8.47,0.125,0.722222222,-0.6,0.216019417,0.853582555,0.729200653,0.740600076,0.458,0.751879699,0.669204738,0.379,0.727011494,0.698979592,0.739,0.576190476,0.676773455,0.69001297,0.741239892,0.641129032,0.709677419,0.674968867
1396,299,Temple,0.5,4.84,5.09,-0.25,0.111111111,-0.4,-0.009708738,0.806853583,0.659053834,0.727687049,0.422,0.719298246,0.682741117,0.356,0.525862069,0.516326531,0.723,0.507936508,0.627002288,0.601815824,0.5606469,0.516129032,0.619694397,0.727272727
1404,300,Tennessee-Martin,0.629,-4.7,-4.34,0.25,0.666666667,-0.3,0.076456311,0.881619938,0.787928222,0.784656286,0.468,0.719298246,0.686971235,0.353,0.681034483,0.703061224,0.688,0.719047619,0.750572082,0.719844358,0.614555256,0.495967742,0.896434635,0.754669988
1398,301,Tennessee State,0.567,-1.57,-2.96,0,0.111111111,0.1,0.123786408,0.760124611,0.60685155,0.63805545,0.443,0.426065163,0.424703892,0.339,0.683908046,0.702040816,0.692,0.580952381,0.639016018,0.439688716,0.541778976,0.411290323,0.767402377,0.788293898
1399,302,Tennessee Tech,0.375,-7.6,-4.17,0,-0.055555556,-0.6,-0.027912621,0.809968847,0.640293638,0.706418534,0.422,0.604010025,0.627749577,0.325,0.727011494,0.729591837,0.708,0.565079365,0.654462243,0.564202335,0.574123989,0.463709677,0.736842105,0.840597758
1397,303,Tennessee,0.5,11.28,10.18,-0.125,0.277777778,-0.3,0.058252427,0.800623053,0.65497553,0.722749715,0.422,0.473684211,0.489847716,0.326,0.844827586,0.823469388,0.729,0.615873016,0.68993135,0.571984436,0.471698113,0.588709677,0.677419355,0.834371108
1394,304,Texas A&M-Corpus Christi,0.667,-2.97,-5.79,0.375,0.777777778,-0.2,0.171116505,0.906542056,0.794453507,0.78655526,0.47,0.488721805,0.497461929,0.332,0.82183908,0.808163265,0.722,0.584126984,0.70194508,0.630350195,0.908355795,0.572580645,0.823429542,0.875466999
1401,305,Texas A&M,0.516,10.36,7.97,-0.125,0.333333333,-0.4,0.089805825,0.77258567,0.655791191,0.666160273,0.458,0.473684211,0.485617597,0.329,0.54454023,0.595918367,0.649,0.636507937,0.682494279,0.634241245,0.501347709,0.697580645,0.74533107,0.636363636
1426,306,Texas-Arlington,0.75,5.92,-0.87,0.625,0.722222222,0.5,0.366504854,0.897196262,0.814845024,0.823395367,0.461,0.776942356,0.778341794,0.337,0.732758621,0.764285714,0.681,0.682539683,0.791762014,0.734111543,0.716981132,0.326612903,0.801358234,0.860523039
1395,307,Texas Christian,0.615,15.64,10.95,-0.375,0.5,-0.4,0.237864078,0.978193146,0.867862969,0.867451576,0.466,0.701754386,0.668358714,0.354,0.727011494,0.753061224,0.686,0.719047619,0.803203661,0.857328145,0.690026954,0.705645161,0.855687606,0.841843088
,308,Texas-El Paso,0.469,-3.13,-2.51,0.375,0,-0.1,0.018203883,0.809968847,0.662316476,0.657424991,0.469,0.45112782,0.437394247,0.348,0.593390805,0.636734694,0.662,0.373015873,0.6298627,0.600518807,0.46361186,0.399193548,0.724957555,0.769613948
1410,309,Texas-Rio Grande Valley,0.313,-11.44,-3.68,-0.625,0,-1.3,-0.194174757,0.813084112,0.708809135,0.778579567,0.424,0.691729323,0.694585448,0.336,0.70545977,0.698979592,0.717,0.606349206,0.675057208,0.627756161,0.663072776,0.330645161,0.860780985,0.97135741
1427,310,Texas-San Antonio,0.424,-7.42,-3.03,-0.125,0.444444444,-1.3,-0.137135922,0.822429907,0.627243067,0.74401823,0.393,0.431077694,0.514382403,0.283,0.672413793,0.717346939,0.666,0.674603175,0.739702517,0.463035019,0.493261456,0.25,0.709677419,0.799501868
1411,311,Texas Southern NCAA,0.657,-6.41,-7.81,0.875,0.555555556,0,0.059466019,0.878504673,0.706362153,0.765286745,0.43,0.513784461,0.586294416,0.296,0.942528736,0.91122449,0.735,0.636507937,0.702517162,0.530479896,0.673854447,0.447580645,0.691001698,0.755915318
1402,312,Texas State,0.611,-2.23,-4.29,0.25,0.5,-0.4,0.183252427,0.906542056,0.705546493,0.734143562,0.447,0.543859649,0.555837563,0.33,0.66091954,0.710204082,0.661,0.547619048,0.692791762,0.682230869,0.638814016,0.64516129,0.718166384,0.799501868
1403,313,Texas Tech,0.563,14.11,7.86,-0.375,0.722222222,-0.8,0.242718447,0.809968847,0.681076672,0.674515761,0.47,0.531328321,0.488155668,0.367,0.666666667,0.645918367,0.733,0.474603175,0.600686499,0.5538262,0.455525606,0.39516129,0.601018676,0.699875467
1400,314,Texas,0.333,10.99,12.75,-0.625,0.166666667,-1.1,-0.07038835,0.822429907,0.660685155,0.701101405,0.439,0.453634085,0.523688663,0.292,0.594827586,0.65,0.65,0.512698413,0.648169336,0.48767834,0.51212938,0.600806452,0.752122241,0.732254047
1405,315,Toledo,0.5,1.16,-0.9,0,0.444444444,-0.6,0.131067961,0.878504673,0.769983687,0.746676795,0.48,0.656641604,0.612521151,0.362,0.754310345,0.770408163,0.695,0.538095238,0.728832952,0.714656291,0.363881402,0.370967742,0.758913413,0.714819427
1406,316,Towson,0.606,1.84,-1.28,0.25,0.5,-0.2,0.196601942,0.831775701,0.693311582,0.72161033,0.447,0.388471178,0.422165821,0.311,0.850574713,0.885714286,0.682,0.706349206,0.746567506,0.451361868,0.60916442,0.475806452,0.723259762,0.854296389
1407,317,Troy NCAA,0.595,-0.47,-3.36,0.125,0.333333333,-0.4,0.269417476,0.925233645,0.800978793,0.817698443,0.456,0.779448622,0.733502538,0.359,0.882183908,0.864285714,0.725,0.649206349,0.779176201,0.627756161,0.595687332,0.52016129,0.784380306,0.814445828
1408,318,Tulane,0.194,-3.98,4.25,-0.75,-0.333333333,-0.8,-0.309466019,0.781931464,0.612561175,0.704899354,0.405,0.553884712,0.577834179,0.324,0.655172414,0.648979592,0.717,0.553968254,0.607551487,0.516212711,0.517520216,0.47983871,0.713073005,0.804483188
1409,319,Tulsa,0.469,2.45,5.29,-0.125,0.277777778,-0.6,-0.110436893,0.800623053,0.57177814,0.635396886,0.419,0.586466165,0.577834179,0.343,0.75,0.730612245,0.729,0.493650794,0.636155606,0.469520104,0.39083558,0.322580645,0.803056027,0.721046077
1417,320,UCLA NCAA,0.861,20.67,6.39,0.75,0.833333333,0.6,0.623786408,0.897196262,0.986949429,0.881124193,0.522,0.887218045,0.737732657,0.406,0.659482759,0.634693878,0.738,0.544444444,0.792906178,1,0.571428571,0.77016129,0.685908319,0.726027397
1429,321,Utah State,0.469,2.9,2.46,-0.25,0.333333333,-0.5,0.108009709,0.800623053,0.675367047,0.675655146,0.465,0.614035088,0.546531303,0.379,0.626436782,0.636734694,0.699,0.406349206,0.654462243,0.638132296,0.428571429,0.370967742,0.663837012,0.753424658
1430,322,Utah Valley,0.5,-1.22,-2.44,-0.125,0.166666667,-0.3,0.165048544,0.862928349,0.722675367,0.770224079,0.437,0.751879699,0.792724196,0.32,0.780172414,0.782653061,0.708,0.485714286,0.772311213,0.687418936,0.582210243,0.495967742,0.886247878,0.830635118
1428,323,Utah,0.625,12.45,4.32,0.25,0.555555556,-0.1,0.401699029,0.803738318,0.763458401,0.704899354,0.504,0.538847118,0.515228426,0.353,0.609195402,0.634693878,0.682,0.50952381,0.696224256,0.617380026,0.525606469,0.455645161,0.731748727,0.671232877
1434,324,Valparaiso,0.727,3.94,-1.59,0.625,0.722222222,0.1,0.231796117,0.828660436,0.691680261,0.726167869,0.444,0.543859649,0.566835871,0.324,0.793103448,0.726530612,0.775,0.557142857,0.715675057,0.547341115,0.568733154,0.387096774,0.721561969,0.773349938
1435,325,Vanderbilt NCAA,0.543,13.69,10.72,0.125,0.333333333,-0.1,0.126213592,0.875389408,0.664763458,0.720091151,0.43,0.86716792,0.779187817,0.376,0.737068966,0.673469388,0.777,0.453968254,0.691075515,0.583657588,0.396226415,0.536290323,0.730050934,0.723536737
1436,326,Vermont NCAA,0.829,6.67,-3.27,1,0.833333333,0.8,0.481796117,0.872274143,0.769168026,0.725028485,0.494,0.573934837,0.525380711,0.369,0.655172414,0.664285714,0.7,0.517460317,0.681922197,0.617380026,0.53638814,0.608870968,0.665534805,0.691158157
1437,327,Villanova NCAA,0.889,23.8,9.28,0.75,0.722222222,0.7,0.634708738,0.897196262,0.787112561,0.739840486,0.495,0.779448622,0.71319797,0.369,0.772988506,0.694897959,0.79,0.501587302,0.691075515,0.654993515,0.698113208,0.439516129,0.682512733,0.641344956
1433,328,Virginia Commonwealth NCAA,0.743,11.57,3.77,0.625,0.777777778,0.3,0.33131068,0.884735202,0.770799347,0.778579567,0.461,0.498746867,0.509306261,0.331,0.757183908,0.762244898,0.705,0.612698413,0.729405034,0.680933852,0.708894879,0.556451613,0.738539898,0.906600249
1440,329,VMI,0.2,-13.91,-1.8,-0.75,-0.222222222,-1.3,-0.350728155,0.747663551,0.597063622,0.675275351,0.412,0.621553885,0.664974619,0.316,0.495689655,0.510204082,0.69,0.485714286,0.567505721,0.461738003,0.506738544,0.459677419,0.670628183,0.739726027
1439,330,Virginia Tech NCAA,0.667,12.77,8.38,0.125,0.722222222,-0.2,0.175970874,0.828660436,0.723491028,0.688568173,0.489,0.726817043,0.609137056,0.403,0.784482759,0.756122449,0.737,0.380952381,0.610983982,0.64461738,0.35309973,0.366935484,0.675721562,0.676214197
1438,331,Virginia NCAA,0.676,20.63,10.93,0.25,0.444444444,0.2,0.400485437,0.859813084,0.684339315,0.692366122,0.46,0.581453634,0.509306261,0.385,0.482758621,0.483673469,0.709,0.471428571,0.640160183,0.613488975,0.51212938,0.556451613,0.55008489,0.692403487
1447,332,Wagner,0.533,-7.13,-7.89,0.25,0.055555556,0.1,0.089805825,0.757009346,0.592985318,0.645651348,0.428,0.458646617,0.467005076,0.332,0.58908046,0.605102041,0.691,0.688888889,0.677345538,0.422827497,0.393530997,0.435483871,0.716468591,0.767123288
1448,333,Wake Forest NCAA,0.576,14.19,9.8,0,0.444444444,-0.3,0.175970874,0.822429907,0.752854812,0.742499051,0.472,0.671679198,0.589678511,0.385,0.889367816,0.81122449,0.779,0.553968254,0.685926773,0.664072633,0.493261456,0.487903226,0.660441426,0.831880448
1450,334,Washington State,0.419,0.13,6.87,-0.375,0.111111111,-0.5,-0.23907767,0.775700935,0.653344209,0.66046335,0.461,0.523809524,0.485617597,0.364,0.528735632,0.496938776,0.756,0.315873016,0.568077803,0.587548638,0.350404313,0.342741935,0.660441426,0.625155666
1449,335,Washington,0.29,2.15,6.82,-0.875,-0.111111111,-1,-0.175970874,0.775700935,0.712887439,0.740220281,0.448,0.56641604,0.540609137,0.354,0.566091954,0.614285714,0.654,0.636507937,0.664187643,0.529182879,0.504043127,0.689516129,0.721561969,0.782067248
1451,336,Weber State,0.588,-2.32,-5.13,0.375,0.388888889,-0.1,0.253640777,0.859813084,0.740619902,0.708697303,0.487,0.781954887,0.633671743,0.417,0.83908046,0.804081633,0.741,0.350793651,0.631006865,0.57457847,0.474393531,0.471774194,0.64516129,0.742216687
1452,337,West Virginia NCAA,0.757,24.45,9.67,0.375,0.777777778,0.2,0.663834951,0.937694704,0.863784666,0.886061527,0.454,0.689223058,0.64213198,0.362,0.892241379,0.925510204,0.685,0.847619048,0.793478261,0.787289235,1,0.709677419,0.772495756,0.941469489
1441,338,Western Carolina,0.281,-15.3,-0.7,-0.625,-0.111111111,-1,-0.463592233,0.797507788,0.586460033,0.699962021,0.39,0.456140351,0.500846024,0.307,0.495689655,0.53877551,0.653,0.63015873,0.662471396,0.470817121,0.533692722,0.302419355,0.876061121,0.823163138
1442,339,Western Illinois,0.286,-11,-2.38,-0.375,-0.166666667,-0.8,-0.16868932,0.713395639,0.579934747,0.620205089,0.435,0.636591479,0.553299492,0.388,0.482758621,0.484693878,0.707,0.292063492,0.553775744,0.486381323,0.350404313,0.5,0.607809847,0.679950187
1443,340,Western Kentucky,0.469,-5.8,-2.89,0,0.444444444,-0.8,-0.112864078,0.797507788,0.633768352,0.671097607,0.44,0.536340852,0.512690355,0.353,0.63362069,0.670408163,0.671,0.479365079,0.640160183,0.514915694,0.385444744,0.423387097,0.658743633,0.591531756
1444,341,Western Michigan,0.5,-0.78,-0.55,0.25,0.611111111,-0.6,0.01092233,0.800623053,0.703915171,0.727307254,0.451,0.523809524,0.476311337,0.371,0.692528736,0.698979592,0.704,0.587301587,0.660755149,0.536964981,0.493261456,0.366935484,0.677419355,0.747198007
1455,342,Wichita State NCAA,0.861,21.24,2.96,1,0.833333333,0.8,0.813106796,0.897196262,0.8091354,0.802886441,0.469,0.776942356,0.650592217,0.403,0.893678161,0.865306122,0.733,0.687301587,0.842105263,0.760051881,0.633423181,0.564516129,0.689303905,0.841843088
1456,343,William & Mary,0.548,-0.14,-0.73,0.125,0.666666667,-0.9,0.149271845,0.778816199,0.723491028,0.686669199,0.491,0.709273183,0.62605753,0.382,0.685344828,0.703061224,0.692,0.43015873,0.642448513,0.704280156,0.450134771,0.612903226,0.658743633,0.704856787
1457,344,Winthrop NCAA,0.788,1.34,-6.12,0.75,0.555555556,0.9,0.355582524,0.841121495,0.72675367,0.74325864,0.455,0.784461153,0.709813875,0.373,0.747126437,0.739795918,0.717,0.501587302,0.700228833,0.548638132,0.582210243,0.681451613,0.730050934,0.753424658
1458,345,Wisconsin NCAA,0.73,19.4,9.4,0.375,0.722222222,0,0.449029126,0.934579439,0.792006525,0.810862134,0.455,0.709273183,0.666666667,0.359,0.650862069,0.717346939,0.644,0.73015873,0.787757437,0.653696498,0.673854447,0.524193548,0.697792869,0.749688667
1459,346,Wofford,0.485,-0.71,-1.08,0.125,0.5,-0.6,0.138349515,0.841121495,0.734094617,0.731484998,0.467,0.779448622,0.652284264,0.403,0.692528736,0.631632653,0.779,0.512698413,0.63215103,0.715953307,0.498652291,0.286290323,0.687606112,0.764632628
1460,347,Wright State,0.625,-1.02,-2.42,0.25,0.444444444,0.1,0.17961165,0.803738318,0.66639478,0.690846943,0.449,0.714285714,0.633671743,0.381,0.784482759,0.729591837,0.764,0.517460317,0.649885584,0.612191958,0.48787062,0.302419355,0.80475382,0.739726027
1461,348,Wyoming,0.605,2.83,0.55,-0.125,0.888888889,-0.7,0.155339806,0.962616822,0.804241436,0.860235473,0.435,0.92481203,0.892554992,0.35,0.890804598,0.866326531,0.73,0.511111111,0.827231121,0.727626459,0.525606469,0.693548387,0.85229202,0.9750934
1462,349,Xavier NCAA,0.632,14.8,11.51,0,0.444444444,-0.4,0.151699029,0.950155763,0.800163132,0.815799468,0.457,0.669172932,0.656514382,0.344,0.872126437,0.898979592,0.689,0.715873016,0.810640732,0.725032425,0.614555256,0.403225806,0.811544992,0.881693649
1463,350,Yale,0.621,0.21,-2.19,0.25,0.388888889,0,0.149271845,0.725856698,0.627243067,0.624382833,0.468,0.521303258,0.492385787,0.357,0.581896552,0.564285714,0.732,0.477777778,0.604118993,0.586251621,0.436657682,0.495967742,0.640067912,0.565379826
1464,351,Youngstown State,0.382,-9.75,-2.56,-0.5,0,-0.9,-0.224514563,0.866043614,0.800163132,0.846942651,0.44,0.626566416,0.634517766,0.333,0.58045977,0.613265306,0.672,0.563492063,0.712814645,0.66536965,0.504043127,0.431451613,0.689303905,0.704856787
