id,,,G,W,L,W-L%,SRS,SOS,Conf WL,Home WL,Away WL,Points del,MP,FG,FGA,FG%,3P,3PA,3P%,FT,FTA,FT%,ORB,TRB,AST,STL,BLK,TOV,PF
1101,1,Abilene Christian,32,16,16,0.5,-8.87,-6.55,-2,3,-2,80,1290,870,1873,0.464,213,656,0.325,406,579,0.701,305,1092,481,260,128,461,671
1102,2,Air Force,31,12,19,0.387,-4.02,2.01,-6,2,-7,-120,1245,733,1751,0.419,250,755,0.331,408,556,0.734,302,1014,445,201,78,391,557
1103,3,Akron,32,14,18,0.438,-6.67,-1.76,-6,8,-8,-115,1295,793,1823,0.435,305,848,0.36,405,582,0.696,300,1066,417,189,81,440,637
1105,4,Alabama A&M,31,3,28,0.097,-23.87,-7.94,-12,-7,-17,-494,1245,673,1697,0.397,182,601,0.303,345,533,0.647,328,1046,340,123,49,514,506
1412,5,Alabama-Birmingham,33,20,13,0.606,4.61,-0.94,2,11,-1,233,1330,945,1939,0.487,223,647,0.345,423,564,0.75,334,1259,559,178,126,437,490
1106,6,Alabama State,31,8,23,0.258,-18.45,-8.51,-2,-4,-9,-308,1245,751,1838,0.409,209,638,0.328,418,647,0.646,394,1131,314,169,130,437,648
1104,7,Alabama NCAA,34,19,15,0.559,12.95,10.57,-2,8,-6,81,1360,860,1877,0.458,217,668,0.325,523,778,0.672,341,1231,426,218,186,481,645
1107,8,Albany (NY),32,22,10,0.688,0.1,-5.32,4,11,1,193,1280,839,1836,0.457,184,502,0.367,513,680,0.754,377,1191,405,150,91,371,528
1108,9,Alcorn State,32,11,21,0.344,-17.87,-8.41,-4,4,-14,-144,1285,791,1826,0.433,239,708,0.338,423,598,0.707,304,1104,419,200,85,459,613
1110,10,American,30,6,24,0.2,-14.46,-5.99,-12,-4,-14,-254,1205,698,1615,0.432,239,709,0.337,326,491,0.664,238,869,367,217,98,413,550
1111,11,Appalachian State,33,15,18,0.455,-4.55,-2.39,0,5,-7,72,1340,864,1983,0.436,292,860,0.34,500,748,0.668,389,1291,408,198,116,457,626
1113,12,Arizona State NCAA,31,20,11,0.645,15.02,6.83,-2,9,-2,254,1250,867,1867,0.464,277,760,0.364,578,783,0.738,307,1093,439,204,111,333,585
1112,13,Arizona NCAA,34,27,7,0.794,16.92,7.22,10,14,5,330,1380,980,1940,0.505,235,624,0.377,555,729,0.761,341,1246,518,168,155,417,592
1114,14,Arkansas-Little Rock,32,7,25,0.219,-10.12,-1.88,-10,-5,-12,-204,1300,750,1755,0.427,200,623,0.321,338,553,0.611,322,1088,391,159,93,459,612
1115,15,Arkansas-Pine Bluff,35,14,21,0.4,-14.67,-9.18,6,4,-7,-192,1410,815,1863,0.437,217,660,0.329,460,681,0.675,277,1024,427,274,144,500,681
1117,16,Arkansas State,32,11,21,0.344,-9.35,-2.71,-6,0,-9,-154,1290,842,1910,0.441,236,695,0.34,449,625,0.718,354,1071,341,215,94,419,589
1116,17,Arkansas NCAA,34,23,11,0.676,15.69,10.13,2,13,-4,189,1375,985,2063,0.477,265,663,0.4,522,770,0.678,346,1183,492,212,157,374,686
1119,18,Army,30,13,17,0.433,-8.55,-7.1,-6,1,-8,7,1205,820,1845,0.444,295,771,0.383,295,448,0.658,300,1074,500,170,83,403,593
1120,19,Auburn NCAA,32,25,7,0.781,17.54,7.48,8,14,3,322,1280,868,1977,0.439,312,852,0.366,620,789,0.786,388,1222,462,238,173,393,635
1122,20,Austin Peay,32,18,14,0.563,-3.38,-2.15,6,8,-4,54,1290,852,1876,0.454,193,553,0.349,454,694,0.654,414,1125,421,211,98,457,641
1123,21,Ball State,32,19,13,0.594,-1.04,-1.81,2,12,-5,48,1295,856,1895,0.452,245,727,0.337,453,643,0.705,318,1210,453,170,112,423,548
1124,22,Baylor,32,18,14,0.563,15.03,9.9,-2,10,-7,182,1295,880,1889,0.466,204,576,0.354,448,605,0.74,378,1221,473,177,140,432,580
1125,23,Belmont,33,24,9,0.727,5.68,-2.75,12,12,3,278,1320,901,1853,0.486,378,1005,0.376,382,517,0.739,258,1133,529,161,82,410,531
1126,24,Bethune-Cookman,32,18,14,0.563,-12.09,-12.35,8,7,-2,78,1290,903,2039,0.443,241,759,0.318,574,819,0.701,424,1346,501,202,123,507,670
1127,25,Binghamton,31,11,20,0.355,-10.26,-6.33,-12,0,-9,-34,1245,787,1775,0.443,235,671,0.35,338,528,0.64,283,1066,376,170,131,381,522
1129,26,Boise State,31,23,8,0.742,11.68,3.15,8,14,1,295,1260,855,1838,0.465,299,779,0.384,419,567,0.739,303,1189,415,173,68,415,552
1130,27,Boston College,34,19,15,0.559,9.67,7.32,-4,11,-8,80,1375,923,2039,0.453,294,812,0.362,471,637,0.739,360,1262,485,171,108,432,551
1131,28,Boston University,31,15,16,0.484,-8.25,-5.75,2,-1,0,-40,1240,800,1730,0.462,229,614,0.373,357,559,0.639,296,1044,420,229,103,427,531
1132,29,Bowling Green State,32,16,16,0.5,-6.24,-2.74,-4,3,-3,-61,1305,827,1963,0.421,241,690,0.349,534,730,0.732,372,1226,425,189,83,408,569
1133,30,Bradley,33,20,13,0.606,2.09,0.37,0,11,-5,87,1320,768,1788,0.43,217,614,0.353,470,665,0.707,359,1178,447,214,130,441,626
1140,31,Brigham Young,34,24,10,0.706,8.56,1.76,4,10,2,231,1375,885,1829,0.484,219,622,0.352,528,701,0.753,232,1109,520,218,128,393,572
1135,32,Brown,27,11,16,0.407,-7.6,-4.49,-6,3,-8,-53,1100,695,1631,0.426,186,588,0.316,504,667,0.756,310,988,338,174,81,364,565
1136,33,Bryant,31,3,28,0.097,-18.34,-5.02,-14,-10,-15,-413,1245,771,1880,0.41,259,754,0.344,368,522,0.705,312,1000,417,190,43,401,600
1137,34,Bucknell NCAA,34,25,9,0.735,4.26,-4.03,14,14,2,282,1380,942,1995,0.472,269,784,0.343,606,845,0.717,317,1253,492,191,151,429,632
1138,35,Buffalo NCAA,34,26,8,0.765,7.64,-0.54,12,13,3,304,1375,1045,2205,0.474,329,887,0.371,464,666,0.697,407,1326,576,217,143,426,719
1139,36,Butler NCAA,33,20,13,0.606,16.44,10.11,0,11,-4,209,1350,964,2041,0.472,270,759,0.356,413,536,0.771,303,1125,462,222,97,369,602
1142,37,Cal Poly,31,9,22,0.29,-11.21,-1.49,-8,1,-12,-220,1270,721,1817,0.397,267,747,0.357,373,478,0.78,291,1034,372,154,122,366,564
1167,38,Cal State Bakersfield,30,12,18,0.4,-6.16,-0.31,-4,4,-9,-87,1200,697,1670,0.417,185,613,0.302,402,579,0.694,341,1067,387,182,87,416,597
1168,39,Cal State Fullerton NCAA,31,20,11,0.645,-0.51,-1.51,4,5,0,99,1250,786,1671,0.47,163,482,0.338,535,729,0.734,274,1089,396,198,101,438,553
1169,40,Cal State Northridge,30,6,24,0.2,-13.16,-3.2,-10,-5,-11,-223,1215,731,1688,0.433,186,515,0.361,335,473,0.708,247,940,364,149,74,365,533
1413,41,UC-Davis,32,22,10,0.688,1.22,-1.98,8,8,3,157,1320,812,1737,0.467,208,555,0.375,497,694,0.716,257,1035,393,227,75,414,621
1414,42,UC-Irvine,35,18,17,0.514,0.16,0.04,6,2,-3,90,1410,900,2061,0.437,220,657,0.335,420,593,0.708,420,1443,430,178,140,487,719
1415,43,UC-Riverside,31,9,22,0.29,-8.14,-1.18,-8,-2,-10,-139,1245,716,1780,0.402,185,597,0.31,407,579,0.703,312,1089,387,190,95,428,617
1364,44,UC-Santa Barbara,32,23,9,0.719,2.5,-2.97,6,10,3,214,1285,877,1891,0.464,257,674,0.381,414,594,0.697,326,1176,481,154,118,337,536
1143,45,University of California,32,8,24,0.25,-2.88,6.57,-14,-7,-5,-317,1285,767,1887,0.406,148,518,0.286,484,717,0.675,426,1139,313,220,154,470,648
1144,46,Campbell,31,16,15,0.516,-6.2,-6.98,2,8,-6,160,1250,813,1708,0.476,283,735,0.385,442,594,0.744,217,1004,445,205,123,376,533
1145,47,Canisius,32,21,11,0.656,0.78,-4.69,12,9,0,175,1280,878,1880,0.467,297,845,0.351,388,545,0.712,327,1073,542,218,93,420,602
1146,48,Central Arkansas,33,17,16,0.515,-5.17,-5.92,2,5,-4,72,1340,921,2025,0.455,273,753,0.363,553,751,0.736,333,1193,532,220,166,453,658
1148,49,Central Connecticut State,32,14,18,0.438,-11.25,-7.22,-4,4,-8,-129,1305,788,1740,0.453,198,601,0.329,397,568,0.699,321,1130,396,161,107,473,549
1416,50,Central Florida,32,19,13,0.594,5.17,4.17,0,8,-1,32,1285,690,1627,0.424,177,538,0.329,450,702,0.641,305,1108,339,169,111,431,488
1141,51,Central Michigan,34,20,14,0.588,-0.93,-3.19,-4,7,-4,183,1385,894,2062,0.434,329,968,0.34,549,681,0.806,382,1241,456,218,116,397,550
1149,52,Charleston Southern,31,15,16,0.484,-8.2,-6.2,0,3,-4,99,1260,802,1793,0.447,208,631,0.33,420,581,0.723,345,1071,368,224,106,408,517
1150,53,Charlotte,29,6,23,0.207,-10.44,-0.04,-14,-7,-10,-251,1165,706,1634,0.432,198,563,0.352,456,637,0.716,269,990,319,165,65,428,524
1151,54,Chattanooga,33,10,23,0.303,-10.9,-3.87,-12,0,-13,-135,1345,784,1804,0.435,276,777,0.355,445,626,0.711,306,1069,421,166,67,461,507
1152,55,Chicago State,32,3,29,0.094,-21.28,1.42,-12,-5,-19,-585,1280,774,1896,0.408,169,549,0.308,454,627,0.724,323,1041,367,232,81,483,697
1153,56,Cincinnati NCAA,34,30,4,0.882,20.87,3.54,14,14,7,589,1360,893,1972,0.453,248,695,0.357,498,725,0.687,444,1323,543,248,188,389,535
1154,57,Citadel,32,11,21,0.344,-13.51,-2.82,-8,-1,-9,-180,1290,889,2148,0.414,386,1133,0.341,475,673,0.706,374,1183,528,301,99,477,586
1155,58,Clemson NCAA,32,23,9,0.719,16.51,9.04,4,14,-2,239,1290,809,1786,0.453,266,726,0.366,461,609,0.757,286,1136,422,182,155,387,512
1156,59,Cleveland State,35,12,23,0.343,-10.77,-3.59,-6,0,-13,-211,1410,853,1963,0.435,294,863,0.341,402,572,0.703,270,1063,456,231,90,458,595
1157,60,Coastal Carolina,32,14,18,0.438,-3.63,-2.11,-2,-2,-2,57,1290,787,1813,0.434,218,660,0.33,506,702,0.721,388,1243,418,171,116,479,608
1159,61,Colgate,32,19,13,0.594,-4.88,-5.91,6,10,-4,83,1280,809,1833,0.441,299,827,0.362,409,532,0.769,287,1048,414,196,106,352,518
1158,62,College of Charleston NCAA,33,26,7,0.788,1.62,-3.8,10,14,1,209,1345,852,1854,0.46,254,699,0.363,520,685,0.759,280,1089,377,171,119,318,540
1161,63,Colorado State,32,11,21,0.344,-3.57,4.08,-10,0,-7,-223,1295,811,1941,0.418,225,684,0.329,467,651,0.717,375,1200,409,190,102,426,624
1160,64,Colorado,32,17,15,0.531,6.55,7.49,-2,9,-9,-30,1295,810,1840,0.44,241,673,0.358,446,612,0.729,324,1198,409,140,122,451,619
1162,65,Columbia,27,8,19,0.296,-5.56,-2.94,-4,2,-13,-23,1090,746,1686,0.442,269,733,0.367,301,407,0.74,277,962,384,177,93,338,504
1163,66,Connecticut,32,14,18,0.438,1.48,6.45,-4,6,-7,-159,1300,762,1832,0.416,215,659,0.326,442,593,0.745,324,1096,334,190,119,403,592
1164,67,Coppin State,32,5,27,0.156,-20.77,-7.05,-6,-2,-19,-439,1305,657,1825,0.36,265,870,0.305,366,495,0.739,273,1082,338,172,82,462,649
1165,68,Cornell,28,12,16,0.429,-8.66,-3.11,-2,4,-7,-126,1150,744,1613,0.461,217,639,0.34,419,574,0.73,232,961,449,144,97,376,498
1166,69,Creighton NCAA,32,21,11,0.656,16.89,8.05,2,14,-3,322,1290,985,1982,0.497,334,889,0.376,393,526,0.747,232,1161,576,181,85,358,480
1171,70,Dartmouth,27,7,20,0.259,-10.16,-3.85,-8,0,-13,-129,1085,651,1454,0.448,200,557,0.359,339,475,0.714,208,849,357,152,87,365,421
1172,71,Davidson NCAA,32,21,11,0.656,11.24,2.37,8,10,-2,284,1295,875,1813,0.483,342,874,0.391,354,444,0.797,218,1050,539,153,63,306,481
1173,72,Dayton,31,14,17,0.452,1.85,2.91,-2,8,-9,-33,1260,804,1671,0.481,248,736,0.337,388,531,0.731,240,965,488,162,78,425,510
1174,73,Delaware State,32,4,28,0.125,-24.45,-9.19,-12,-5,-18,-424,1300,742,1781,0.417,192,591,0.325,358,516,0.694,337,1066,348,189,83,489,560
1175,74,Delaware,33,14,19,0.424,-6.86,-2.89,-6,-1,-6,-90,1330,859,1880,0.457,192,584,0.329,428,657,0.651,314,1150,386,164,75,354,554
1176,75,Denver,30,15,15,0.5,-4.87,-2.19,2,6,-6,3,1220,803,1700,0.472,211,527,0.4,375,540,0.694,311,1108,452,129,72,451,561
1177,76,DePaul,31,11,20,0.355,6.64,8.55,-10,-4,-3,-59,1245,819,1912,0.428,194,626,0.31,398,562,0.708,383,1160,465,200,94,430,553
1178,77,Detroit Mercy,32,8,24,0.25,-12.45,-2.05,-10,-6,-9,-227,1285,883,2031,0.435,281,815,0.345,469,621,0.755,334,1114,437,212,88,435,648
1179,78,Drake,33,17,16,0.515,-0.27,0.57,2,7,-6,20,1350,837,1913,0.438,284,777,0.366,476,615,0.774,264,1115,493,199,84,396,509
1180,79,Drexel,33,13,20,0.394,-7.09,-2.37,-6,4,-9,-137,1340,880,1994,0.441,227,699,0.325,467,646,0.723,369,1197,380,176,138,409,583
1181,80,Duke NCAA,33,26,7,0.788,25,9.91,8,14,1,498,1325,1008,2044,0.493,274,725,0.378,505,713,0.708,447,1379,578,248,177,416,515
1182,81,Duquesne,32,16,16,0.5,-0.85,-3.1,-4,7,-5,72,1310,801,1874,0.427,261,745,0.35,454,663,0.685,387,1149,382,186,140,383,598
1187,82,East Carolina,30,10,20,0.333,-8.45,0.05,-10,-3,-6,-255,1215,741,1723,0.43,182,597,0.305,329,494,0.666,292,1015,388,148,93,431,530
1190,83,East Tennessee State,34,25,9,0.735,3.95,-3.86,10,8,7,315,1360,926,1957,0.473,244,711,0.343,460,648,0.71,352,1265,500,265,146,454,613
1183,84,Eastern Illinois,31,12,19,0.387,-8.17,-3.24,-4,1,-8,-55,1245,732,1726,0.424,224,627,0.357,377,551,0.684,331,1064,392,182,138,417,509
1184,85,Eastern Kentucky,31,11,20,0.355,-10.46,-3.56,-8,-1,-7,-141,1245,778,1779,0.437,226,638,0.354,448,600,0.747,290,1023,405,193,113,401,542
1185,86,Eastern Michigan,33,21,12,0.636,-0.12,-2.5,4,10,-1,159,1335,874,1872,0.467,213,637,0.334,403,581,0.694,331,1143,420,290,207,422,532
1186,87,Eastern Washington,34,20,14,0.588,0.78,-1.47,8,10,-5,121,1370,911,1947,0.468,305,801,0.381,427,558,0.765,249,1136,431,176,103,391,647
1189,88,Elon,32,14,18,0.438,-6.84,-1.64,-6,3,-8,-91,1320,842,1916,0.439,337,966,0.349,325,457,0.711,256,1140,507,140,66,373,494
1191,89,Evansville,32,17,15,0.531,0.72,1.38,-4,12,-8,49,1285,730,1652,0.442,184,449,0.41,450,581,0.775,240,1057,409,190,92,431,568
1193,90,Fairfield,33,17,16,0.515,-4.69,-3.39,0,7,-7,-43,1345,881,2009,0.439,303,893,0.339,441,621,0.71,301,1159,487,211,95,421,663
1192,91,Fairleigh Dickinson,31,13,18,0.419,-10.03,-5.27,0,3,-8,-37,1240,842,1868,0.451,213,623,0.342,416,573,0.726,339,1067,416,220,100,426,561
1197,92,Florida A&M,34,9,25,0.265,-18.96,-8.08,-2,2,-18,-341,1385,831,1981,0.419,217,616,0.352,464,641,0.724,344,1094,370,194,104,471,612
1194,93,Florida Atlantic,31,12,19,0.387,-5.73,-0.51,-6,0,-6,-17,1245,790,1928,0.41,179,550,0.325,396,537,0.737,357,1194,376,182,124,393,556
1195,94,Florida Gulf Coast,34,23,11,0.676,2.11,-5.89,10,8,4,344,1360,1022,2057,0.497,244,672,0.363,491,662,0.742,361,1301,524,248,95,476,622
1198,95,Florida International,32,14,18,0.438,-4.67,-2.36,-2,4,-6,-16,1310,815,1913,0.426,203,632,0.321,429,704,0.609,321,1151,387,242,102,354,585
1199,96,Florida State NCAA,31,20,11,0.645,14.97,7.68,0,11,-3,226,1260,906,1912,0.474,248,706,0.351,473,691,0.685,363,1179,473,208,160,403,566
1196,97,Florida NCAA,32,20,12,0.625,16.81,10.19,4,7,1,212,1295,841,1937,0.434,292,778,0.375,460,640,0.719,345,1124,415,219,151,315,552
1200,98,Fordham,31,9,22,0.29,-6.54,1.46,-10,-1,-9,-248,1250,692,1680,0.412,227,787,0.288,320,452,0.708,198,884,419,283,74,386,491
1201,99,Fresno State,32,21,11,0.656,8.48,2.14,4,7,3,258,1295,885,1805,0.49,216,548,0.394,473,682,0.694,293,1082,415,217,104,384,626
1202,100,Furman,33,23,10,0.697,4.63,-3.44,8,10,1,359,1325,942,2006,0.47,338,950,0.356,397,557,0.713,316,1157,526,265,72,382,531
1205,101,Gardner-Webb,32,14,18,0.438,-9.62,-3.72,0,9,-10,-49,1300,822,1850,0.444,236,676,0.349,378,526,0.719,297,1141,415,195,92,437,568
1206,102,George Mason,33,16,17,0.485,-2.77,1.05,0,3,-2,-126,1345,841,1949,0.432,230,705,0.326,459,619,0.742,329,1213,377,200,96,425,541
1203,103,George Washington,33,15,18,0.455,-0.54,2.31,-4,8,-9,-94,1320,832,1861,0.447,180,561,0.321,381,537,0.709,350,1120,440,189,163,419,486
1207,104,Georgetown,30,15,15,0.5,7.11,5.24,-8,3,-2,56,1235,800,1763,0.454,226,618,0.366,524,676,0.775,325,1151,522,164,110,458,531
1204,105,Georgia Southern,33,21,12,0.636,-0.26,-3,4,7,1,189,1325,857,1992,0.43,267,784,0.341,523,787,0.665,402,1247,333,227,120,372,633
1209,106,Georgia State NCAA,34,24,10,0.706,3.43,-3.23,6,8,3,273,1375,916,1980,0.463,315,812,0.388,414,612,0.676,298,1156,452,250,155,386,624
1210,107,Georgia Tech,32,13,19,0.406,5.53,7.75,-6,5,-9,-71,1285,753,1770,0.425,156,490,0.318,439,616,0.713,334,1084,409,221,171,411,533
1208,108,Georgia,33,18,15,0.545,10.69,9.33,-4,7,-5,45,1340,767,1826,0.42,201,632,0.318,512,732,0.699,406,1301,402,126,156,420,533
1211,109,Gonzaga NCAA,34,30,4,0.882,19.48,2.1,16,14,9,591,1380,1049,2085,0.503,309,826,0.374,466,645,0.722,376,1357,535,219,126,384,579
1212,110,Grambling,31,17,14,0.548,-12.83,-10.17,8,2,1,-64,1250,777,1852,0.42,154,470,0.328,547,769,0.711,377,1193,342,239,113,477,674
1213,111,Grand Canyon,33,22,11,0.667,4.41,-4.59,4,14,-4,304,1330,827,1931,0.428,244,753,0.324,541,770,0.703,393,1273,522,205,129,442,668
1453,112,Green Bay,33,13,20,0.394,-8.54,-4.11,-4,4,-11,18,1330,859,2027,0.424,295,813,0.363,504,670,0.752,334,1241,459,226,100,453,635
1214,113,Hampton,34,19,15,0.559,-8.58,-10,8,8,-5,140,1370,964,2130,0.453,194,609,0.319,575,744,0.773,375,1357,515,186,124,440,676
1216,114,Hartford,33,19,14,0.576,-5.43,-5.15,6,2,4,8,1325,835,1840,0.454,270,783,0.345,386,569,0.678,274,1100,433,200,123,402,601
1217,115,Harvard,31,18,13,0.581,-0.3,-2,10,8,-4,60,1265,742,1722,0.431,250,709,0.353,388,495,0.784,271,1080,395,162,117,423,555
1218,116,Hawaii,30,17,13,0.567,-2.04,-2.22,0,6,-1,33,1215,721,1629,0.443,202,613,0.33,460,670,0.687,267,995,428,169,59,402,584
1219,117,High Point,30,14,16,0.467,-6.77,-6.4,0,7,-8,133,1205,775,1690,0.459,163,456,0.357,413,588,0.702,322,1039,353,222,82,375,545
1220,118,Hofstra,31,19,12,0.613,-0.46,-1.53,6,5,5,67,1245,868,1868,0.465,260,693,0.375,468,686,0.682,339,1103,413,156,83,334,576
1221,119,Holy Cross,31,12,19,0.387,-9.81,-5.71,-2,-1,-4,-127,1250,724,1568,0.462,203,623,0.326,321,465,0.69,178,880,418,194,105,381,537
1223,120,Houston Baptist,31,6,25,0.194,-15.84,-3.66,-14,-3,-15,-235,1250,860,2058,0.418,219,677,0.323,443,710,0.624,471,1219,426,206,89,438,605
1222,121,Houston NCAA,33,26,7,0.788,16.39,3.87,10,15,1,413,1320,910,1953,0.466,285,737,0.387,450,628,0.717,391,1271,492,212,103,401,693
1224,122,Howard,33,10,23,0.303,-17.03,-9.51,-2,3,-16,-205,1345,847,1997,0.424,268,772,0.347,487,688,0.708,369,1154,406,178,93,442,676
1226,123,Idaho State,30,14,16,0.467,-5.48,-3.41,0,4,-5,-21,1200,778,1639,0.475,252,637,0.396,403,594,0.678,202,962,354,169,72,408,525
1225,124,Idaho,31,22,9,0.71,1.11,-3.65,10,9,5,196,1245,819,1748,0.469,277,678,0.409,415,565,0.735,307,1138,459,134,80,411,553
1227,125,Illinois-Chicago,32,17,15,0.531,-4.2,-4.46,6,3,0,75,1285,843,1874,0.45,211,613,0.344,506,695,0.728,335,1230,407,218,224,484,609
1229,126,Illinois State,33,18,15,0.545,1.05,3.65,2,8,-7,-54,1350,813,1917,0.424,301,884,0.34,437,640,0.683,315,1171,468,216,131,438,677
1228,127,Illinois,32,14,18,0.438,8.78,7.82,-10,6,-9,64,1295,856,1949,0.439,236,705,0.335,478,653,0.732,398,1053,442,240,69,425,720
1230,128,Incarnate Word,28,7,21,0.25,-17.39,-4.73,-14,-3,-11,-185,1120,671,1566,0.428,166,493,0.337,470,631,0.745,279,976,311,170,143,442,521
1232,129,Indiana State,31,13,18,0.419,1.44,2.33,-2,1,-2,-5,1275,762,1803,0.423,270,748,0.361,454,644,0.705,321,1124,360,233,105,445,614
1231,130,Indiana,31,16,15,0.516,10.2,8.55,0,6,-5,51,1255,806,1767,0.456,194,602,0.322,423,644,0.657,345,1099,435,198,134,386,561
1233,131,Iona NCAA,33,20,13,0.606,0.95,-2.74,4,5,-1,122,1345,931,2016,0.462,319,822,0.388,452,612,0.739,282,1117,526,224,101,385,571
1235,132,Iowa State,31,13,18,0.419,7.28,9.9,-10,2,-10,-81,1250,817,1870,0.437,234,653,0.358,390,557,0.7,338,1134,423,149,129,369,508
1234,133,Iowa,33,14,19,0.424,8.35,7.35,-10,3,-9,33,1330,946,1975,0.479,252,672,0.375,486,699,0.695,391,1258,602,172,133,441,548
1236,134,IPFW,33,18,15,0.545,-1.24,-3,0,11,-6,181,1325,953,2074,0.459,339,927,0.366,471,653,0.721,315,1155,486,264,110,391,539
1237,135,IUPUI,30,11,19,0.367,-9.8,-3.51,-2,5,-12,-133,1205,731,1723,0.424,213,600,0.355,372,559,0.665,347,1022,385,205,103,427,562
1238,136,Jackson State,32,12,20,0.375,-17.51,-10.34,0,7,-15,-170,1295,714,1922,0.371,238,724,0.329,325,497,0.654,401,1087,351,235,89,368,651
1240,137,Jacksonville State,33,21,12,0.636,-0.05,-5.02,4,8,0,217,1325,879,1910,0.46,191,584,0.327,410,591,0.694,374,1257,510,198,167,424,575
1239,138,Jacksonville,33,15,18,0.455,-13.25,-5.98,2,4,-9,-77,1345,897,1993,0.45,202,601,0.336,409,621,0.659,330,1180,415,226,112,472,536
1241,139,James Madison,32,10,22,0.313,-5.45,-2.13,-6,0,-8,-73,1310,812,1932,0.42,231,695,0.332,486,667,0.729,361,1147,388,228,104,383,670
1243,140,Kansas State NCAA,33,22,11,0.667,13.44,8.95,2,11,1,148,1325,854,1809,0.472,229,665,0.344,451,608,0.742,269,1010,473,256,99,379,607
1242,141,Kansas NCAA,34,27,7,0.794,22.01,11.45,8,11,5,359,1360,1024,2058,0.498,345,857,0.403,378,539,0.701,325,1197,578,225,142,397,519
1244,142,Kennesaw State,30,10,20,0.333,-11.02,-4.17,-2,2,-12,-146,1205,805,1768,0.455,160,438,0.365,412,597,0.69,306,986,442,214,94,407,539
1245,143,Kent State,34,17,17,0.5,-3.58,-1.61,0,10,-9,-20,1370,871,2046,0.426,255,782,0.326,485,666,0.728,390,1221,393,201,122,442,638
1246,144,Kentucky NCAA,34,24,10,0.706,17.59,11.15,2,14,-2,219,1365,920,1958,0.47,185,513,0.361,584,838,0.697,411,1315,455,191,166,442,642
1247,145,La Salle,32,13,19,0.406,1.88,2.72,-4,6,-8,-27,1315,817,1906,0.429,234,711,0.329,465,591,0.787,292,1124,410,189,90,374,546
1248,146,Lafayette,31,10,21,0.323,-9.7,-5.97,-4,2,-12,-100,1245,777,1709,0.455,263,708,0.371,390,507,0.769,210,1026,386,131,103,411,515
1249,147,Lamar,32,19,13,0.594,-4.81,-7.17,4,7,2,211,1300,847,1959,0.432,249,725,0.343,488,739,0.66,414,1204,442,280,75,420,628
1250,148,Lehigh,30,16,14,0.533,-6.19,-5.43,4,3,-1,3,1230,835,1845,0.453,293,721,0.406,373,480,0.777,269,1074,428,184,53,380,553
1251,149,Liberty,35,21,14,0.6,-2.62,-6.49,0,5,1,271,1430,847,1831,0.463,284,758,0.375,508,642,0.791,253,1171,487,209,87,418,588
1252,150,Lipscomb NCAA,32,23,9,0.719,-2.02,-4.4,6,11,3,162,1300,901,1976,0.456,260,785,0.331,580,811,0.715,340,1247,503,207,100,480,638
1253,151,Long Beach State,33,15,18,0.455,-3.32,1.33,2,3,-4,-101,1330,866,1917,0.452,196,558,0.351,557,765,0.728,382,1195,419,218,119,501,592
1254,152,Long Island University NCAA,34,18,16,0.529,-8.1,-7.98,2,8,-6,32,1365,916,2005,0.457,272,789,0.345,531,763,0.696,363,1295,429,191,111,481,668
1255,153,Longwood,33,7,26,0.212,-18.27,-4.27,-12,-6,-11,-357,1320,728,1764,0.413,226,691,0.327,406,591,0.687,263,1070,327,218,102,516,575
1256,154,Louisiana,33,27,6,0.818,8,-2.71,14,13,7,429,1325,944,2019,0.468,290,790,0.367,575,756,0.761,414,1285,582,250,143,439,621
1418,155,Louisiana-Monroe,31,16,15,0.516,-5.57,-2.99,0,8,-7,62,1250,786,1809,0.434,282,776,0.363,315,439,0.718,289,1047,436,200,40,363,514
1261,156,Louisiana State,31,17,14,0.548,11.91,8.3,-2,9,-4,112,1245,861,1812,0.475,256,726,0.353,426,582,0.732,303,1040,442,238,100,357,551
1256,157,Louisiana Tech,33,17,16,0.515,1.03,-0.42,-4,6,-8,137,1325,838,1877,0.446,287,765,0.375,505,697,0.725,314,1137,470,196,131,405,569
1257,158,Louisville,33,20,13,0.606,15.13,9.46,0,9,-3,187,1340,897,1967,0.456,256,690,0.371,465,631,0.737,333,1215,451,231,201,392,543
1260,159,Loyola (IL) NCAA,33,28,5,0.848,9.37,-0.29,12,13,5,336,1320,869,1714,0.507,246,618,0.398,406,561,0.724,209,1067,519,219,82,404,456
1258,160,Loyola Marymount,31,11,20,0.355,-3.86,1.6,-8,0,-9,-143,1250,803,1815,0.442,199,573,0.347,421,593,0.71,377,1016,441,216,72,407,607
1259,161,Loyola (MD),31,9,22,0.29,-12.66,-5.19,-6,2,-15,-172,1255,797,1820,0.438,163,509,0.32,397,608,0.653,332,1076,360,218,97,414,614
1263,162,Maine,32,6,26,0.188,-14.55,-3.19,-10,-4,-14,-268,1295,765,1871,0.409,225,743,0.303,385,560,0.688,304,1129,375,205,93,496,624
1264,163,Manhattan,31,14,17,0.452,-4.8,-3.9,0,5,-3,-28,1260,737,1661,0.444,239,598,0.4,434,625,0.694,319,1030,433,186,121,482,616
1265,164,Marist,31,6,25,0.194,-12.2,-3.3,-10,-5,-8,-276,1260,761,1710,0.445,280,802,0.349,437,612,0.714,233,1041,369,130,77,488,547
1266,165,Marquette,32,19,13,0.594,12.64,9.92,0,5,0,87,1295,906,1913,0.474,354,853,0.415,432,543,0.796,287,1029,504,197,116,386,610
1267,166,Marshall NCAA,34,24,10,0.706,3.61,-0.91,6,13,-2,185,1375,992,2115,0.469,341,964,0.354,540,704,0.767,274,1232,585,233,198,449,586
1420,167,Maryland-Baltimore County NCAA,34,24,10,0.706,-3.52,-5.04,8,13,2,151,1360,886,1993,0.445,346,894,0.387,395,609,0.649,338,1184,525,256,85,411,562
1271,168,Maryland-Eastern Shore,32,7,25,0.219,-24.4,-7.34,-10,1,-18,-481,1280,710,1844,0.385,206,725,0.284,366,542,0.675,347,1065,347,151,57,417,548
1268,169,Maryland,32,19,13,0.594,13.91,8.07,-2,12,-6,198,1285,811,1696,0.478,229,617,0.371,487,645,0.755,305,1149,452,138,137,438,511
1262,170,Massachusetts-Lowell,30,12,18,0.4,-9.5,-5.74,-4,2,-8,-70,1205,791,1719,0.46,215,621,0.346,489,690,0.709,282,970,435,209,86,405,538
1269,171,Massachusetts,33,13,20,0.394,-1.43,1.33,-8,5,-10,-91,1350,861,1918,0.449,293,732,0.4,359,481,0.746,300,1081,505,159,98,422,595
1270,172,McNeese State,29,12,17,0.414,-11.82,-5.86,-2,2,-7,-25,1170,780,1787,0.436,205,597,0.343,419,590,0.71,339,1144,327,156,133,416,505
1272,173,Memphis,34,21,13,0.618,2.19,2.54,2,9,0,-12,1380,828,1832,0.452,201,634,0.317,551,798,0.69,391,1165,442,202,128,467,583
1273,174,Mercer,32,18,14,0.563,-0.06,-3.66,4,8,-2,212,1300,827,1736,0.476,273,705,0.387,489,647,0.756,308,1107,470,176,53,397,539
1274,175,Miami (FL) NCAA,31,22,9,0.71,13.27,7.14,4,8,4,190,1250,850,1832,0.464,243,669,0.363,354,534,0.663,309,1080,413,203,123,351,505
1275,176,Miami (OH),33,16,17,0.485,-3.01,-0.85,-2,4,-4,55,1350,853,1947,0.438,288,852,0.338,368,539,0.683,330,1209,440,252,86,442,555
1277,177,Michigan State NCAA,33,29,4,0.879,23.46,7.28,14,15,7,534,1325,943,1872,0.504,277,671,0.413,509,678,0.751,365,1348,638,135,243,435,596
1276,178,Michigan NCAA,35,28,7,0.8,18.9,8.78,8,14,1,382,1415,943,2003,0.471,320,868,0.369,400,607,0.659,300,1167,518,219,111,320,545
,179,Middle Tennessee,31,24,7,0.774,9.79,2.19,14,9,11,280,1250,838,1803,0.465,226,612,0.369,418,563,0.742,333,1121,437,194,69,385,613
1454,180,Milwaukee,33,16,17,0.485,-4.25,-4.35,-2,2,-3,-1,1330,834,1872,0.446,235,704,0.334,356,528,0.674,289,1146,429,196,125,412,545
1278,181,Minnesota,32,15,17,0.469,7.3,7.2,-10,5,-7,3,1295,850,1971,0.431,218,630,0.346,487,692,0.704,371,1221,467,181,163,352,492
1280,182,Mississippi State,33,22,11,0.667,11.36,6.36,0,16,-6,193,1330,896,1924,0.466,226,726,0.311,415,604,0.687,349,1191,430,222,178,436,557
1290,183,Mississippi Valley State,32,4,28,0.125,-21.28,-8,-10,-3,-20,-425,1300,757,1977,0.383,171,568,0.301,388,575,0.675,393,1136,327,186,55,421,658
1279,184,Mississippi,32,12,20,0.375,7.22,9.53,-8,2,-9,-74,1300,841,1999,0.421,251,788,0.319,493,675,0.73,393,1214,468,200,131,365,609
1282,185,Missouri-Kansas City,32,10,22,0.313,-9.84,-0.67,-4,-2,-8,-196,1285,756,1859,0.407,284,845,0.336,455,640,0.711,259,1018,354,202,81,411,681
1283,186,Missouri State,33,18,15,0.545,3.08,0.45,-4,5,-4,116,1325,851,1952,0.436,234,707,0.331,377,527,0.715,389,1276,425,153,134,382,575
1281,187,Missouri NCAA,32,20,12,0.625,14.55,9.35,2,10,-1,166,1290,778,1716,0.453,298,775,0.385,491,667,0.736,327,1189,435,165,136,453,573
1284,188,Monmouth,31,11,20,0.355,-2.13,-0.97,-4,0,-8,-36,1280,787,1718,0.458,223,574,0.389,539,758,0.711,276,1115,399,197,73,473,675
1286,189,Montana State,32,13,19,0.406,-8.44,-3.28,-6,2,-9,-90,1295,817,1929,0.424,257,731,0.352,543,746,0.728,357,1167,401,176,66,399,645
1285,190,Montana NCAA,33,26,7,0.788,6.58,-2.68,14,14,2,310,1340,926,1965,0.471,183,534,0.343,543,769,0.706,392,1225,421,256,112,410,695
1287,191,Morehead State,29,8,21,0.276,-10.49,-1.75,-10,1,-14,-161,1165,712,1655,0.43,204,631,0.323,415,592,0.701,338,1041,344,165,86,456,598
1288,192,Morgan State,32,13,19,0.406,-15.41,-11.71,-2,6,-12,-84,1300,799,1921,0.416,163,492,0.331,550,761,0.723,424,1207,395,226,89,444,649
1291,193,Mount St. Mary's,32,18,14,0.563,-7.76,-7.66,6,9,-5,30,1295,809,1778,0.455,323,853,0.379,390,532,0.733,212,918,447,221,125,351,492
1293,194,Murray State NCAA,31,26,5,0.839,7.19,-4.16,14,12,7,415,1240,849,1752,0.485,264,696,0.379,485,664,0.73,327,1150,459,211,98,368,537
1298,195,Navy,32,20,12,0.625,-6.8,-7.09,4,3,3,74,1285,771,1736,0.444,206,621,0.332,451,627,0.719,342,1113,450,206,41,453,553
1303,196,Nebraska-Omaha,31,9,22,0.29,-9.48,0.73,-6,4,-14,-215,1260,877,1912,0.459,254,694,0.366,365,517,0.706,281,1044,405,177,83,409,498
1304,197,Nebraska,32,22,10,0.688,11.34,7.34,8,15,-3,128,1285,797,1841,0.433,226,648,0.349,507,707,0.717,345,1161,436,194,179,357,547
1424,198,Nevada-Las Vegas,33,20,13,0.606,7.47,2.13,-2,7,-1,176,1345,978,2000,0.489,185,554,0.334,612,868,0.705,393,1333,535,184,146,473,580
1305,199,Nevada NCAA,34,27,7,0.794,14.57,4.36,12,13,8,347,1375,963,2056,0.468,330,830,0.398,569,762,0.747,320,1225,559,213,139,338,586
1306,200,New Hampshire,31,10,21,0.323,-8.3,-4.23,-4,1,-10,18,1240,725,1803,0.402,252,776,0.325,401,544,0.737,352,1189,369,111,56,362,555
1308,201,New Mexico State NCAA,33,28,5,0.848,9.5,-1.37,10,13,5,400,1325,939,2042,0.46,249,748,0.333,377,586,0.643,419,1368,467,186,101,418,591
1307,202,New Mexico,34,19,15,0.559,6.11,3.6,6,9,-4,154,1365,939,2065,0.455,367,979,0.375,550,708,0.777,315,1073,539,251,96,422,696
1309,203,New Orleans,31,15,16,0.484,-8.91,-5.41,4,6,-7,-26,1245,758,1678,0.452,147,415,0.354,488,719,0.679,351,1063,450,226,109,477,586
1310,204,Niagara,32,19,13,0.594,-4.17,-4.08,6,4,4,-3,1290,918,2050,0.448,269,737,0.365,578,793,0.729,378,1245,386,161,139,360,570
1311,205,Nicholls State,32,21,11,0.656,-3.35,-5.67,12,9,2,230,1280,941,1994,0.472,260,729,0.357,499,696,0.717,353,1189,474,307,126,490,712
1312,206,NJIT,30,14,16,0.467,-7.09,-5.38,0,3,-5,51,1210,808,1803,0.448,236,653,0.361,396,579,0.684,331,1063,417,246,97,399,556
1313,207,Norfolk State,33,14,19,0.424,-12.71,-9.91,6,2,-6,-18,1325,858,1992,0.431,254,707,0.359,429,639,0.671,411,1270,450,206,114,507,693
1421,208,North Carolina-Asheville,33,21,12,0.636,-4.28,-4.09,8,12,-2,63,1335,877,1865,0.47,263,672,0.391,442,597,0.74,270,1112,503,241,109,451,610
1299,209,North Carolina A&T,35,20,15,0.571,-12.37,-11.01,6,12,-7,18,1415,929,2010,0.462,213,707,0.301,552,776,0.711,344,1252,534,212,80,482,629
1300,210,North Carolina Central NCAA,34,19,15,0.559,-12.63,-12.31,2,10,-10,113,1365,928,1991,0.466,212,626,0.339,406,591,0.687,393,1293,535,174,115,480,632
1422,211,North Carolina-Greensboro NCAA,34,27,7,0.794,4.49,-4.32,12,15,2,377,1390,896,2006,0.447,328,914,0.359,378,539,0.701,404,1262,480,263,131,468,628
1301,212,North Carolina State NCAA,32,21,11,0.656,13.49,6.74,4,13,-1,216,1285,937,1993,0.47,252,677,0.372,473,675,0.701,390,1142,517,240,122,390,579
1423,213,North Carolina-Wilmington,32,11,21,0.344,-7.47,-1.11,-4,3,-9,-126,1305,920,2109,0.436,244,705,0.346,458,664,0.69,441,1310,487,164,67,414,586
1314,214,North Carolina NCAA,35,25,10,0.714,21.29,12.44,4,9,1,310,1405,1048,2279,0.46,290,796,0.364,483,652,0.741,492,1487,637,197,147,422,550
1295,215,North Dakota State,32,15,17,0.469,-1.54,-1.26,-4,2,-5,118,1285,837,1783,0.469,294,778,0.378,414,544,0.761,231,1102,422,145,76,402,556
1315,216,North Dakota,32,12,20,0.375,-7.33,0.1,-6,1,-11,-185,1305,863,1879,0.459,233,685,0.34,468,663,0.706,225,983,409,253,58,417,605
1316,217,North Florida,33,14,19,0.424,-11.19,-1.52,0,8,-13,-205,1325,939,2058,0.456,357,945,0.378,433,570,0.76,313,1161,490,173,126,478,505
1317,218,North Texas,32,15,17,0.469,-1.65,-0.89,-2,4,-5,46,1300,840,1881,0.447,250,712,0.351,403,623,0.647,359,1198,394,156,87,433,619
1318,219,Northeastern,33,23,10,0.697,3.72,-1.53,10,10,4,202,1335,859,1776,0.484,302,804,0.376,452,617,0.733,258,1084,523,220,82,450,575
1319,220,Northern Arizona,32,5,27,0.156,-14.29,-0.65,-14,-8,-11,-412,1290,698,1750,0.399,178,584,0.305,526,750,0.701,313,1074,314,180,100,497,632
1294,221,Northern Colorado,34,22,12,0.647,3.17,-2.05,4,8,-2,260,1375,982,2104,0.467,294,825,0.356,480,691,0.695,336,1281,407,171,122,417,649
1296,222,Northern Illinois,32,13,19,0.406,-6.63,-1.63,-6,7,-12,-88,1285,849,1860,0.456,169,512,0.33,452,622,0.727,314,1102,295,213,58,378,593
1320,223,Northern Iowa,32,16,16,0.5,4.03,3.9,-4,8,-8,66,1285,720,1714,0.42,229,684,0.335,387,537,0.721,263,1109,345,166,80,364,481
1297,224,Northern Kentucky,31,22,9,0.71,4.72,-4.76,12,10,3,382,1240,876,1825,0.48,253,728,0.348,423,577,0.733,297,1133,510,228,102,385,567
1322,225,Northwestern State,29,4,25,0.138,-20.7,-3.86,-16,-10,-10,-396,1160,692,1678,0.412,125,448,0.279,359,588,0.611,359,1035,279,180,122,496,573
1321,226,Northwestern,32,15,17,0.469,9.83,8.57,-6,5,-6,76,1290,773,1813,0.426,255,720,0.354,402,538,0.747,320,1059,447,156,136,374,605
1323,227,Notre Dame,34,20,14,0.588,14.4,8.67,-2,5,-2,216,1375,889,1992,0.446,289,789,0.366,484,640,0.756,354,1229,489,196,121,336,439
1324,228,Oakland,33,19,14,0.576,-1.84,-3.78,2,7,-1,64,1330,884,1966,0.45,275,782,0.352,537,697,0.77,326,1202,553,200,165,434,540
1326,229,Ohio State NCAA,32,24,8,0.75,18.1,8.97,12,14,4,292,1295,894,1842,0.485,216,612,0.353,422,581,0.726,309,1174,472,193,127,378,556
1325,230,Ohio,31,14,17,0.452,-2.44,-1.57,-4,6,-8,-19,1280,839,1893,0.443,244,661,0.369,412,578,0.713,257,1126,443,207,102,412,500
1329,231,Oklahoma State,33,19,14,0.576,13.04,9.7,-2,8,-4,110,1330,885,2023,0.437,271,783,0.346,481,631,0.762,415,1221,466,218,133,440,635
1328,232,Oklahoma NCAA,31,18,13,0.581,14.41,10.9,-2,11,-7,109,1250,925,1993,0.464,296,815,0.363,494,660,0.748,321,1175,467,204,146,414,533
1330,233,Old Dominion,32,25,7,0.781,8.96,-1.57,12,10,7,337,1290,844,1888,0.447,228,639,0.357,431,623,0.692,373,1207,483,239,139,332,509
1331,234,Oral Roberts,32,11,21,0.344,-6.32,1.39,-4,3,-11,-152,1310,879,2010,0.437,220,641,0.343,354,517,0.685,440,1226,453,174,112,411,565
1333,235,Oregon State,32,16,16,0.5,7.79,5.04,-4,8,-8,88,1300,830,1779,0.467,192,583,0.329,487,688,0.708,332,1119,475,212,116,424,642
1332,236,Oregon,34,22,12,0.647,11.25,5.16,2,12,-2,207,1380,924,2045,0.452,306,869,0.352,472,618,0.764,355,1198,517,232,147,404,674
1334,237,Pacific,32,14,18,0.438,-0.06,2.3,0,0,-3,-36,1290,804,1782,0.451,151,459,0.329,521,715,0.729,332,1086,395,197,129,368,581
1336,238,Penn State,34,21,13,0.618,15.28,7.57,0,10,-3,262,1370,925,2009,0.46,252,657,0.384,435,625,0.696,368,1212,464,253,176,413,599
1335,239,Pennsylvania NCAA,32,24,8,0.75,2.25,-3.85,10,8,5,248,1315,871,1893,0.46,280,802,0.349,424,637,0.666,278,1207,492,190,89,379,553
1337,240,Pepperdine,32,6,26,0.188,-6.04,2.28,-14,-6,-14,-233,1290,822,1829,0.449,186,542,0.343,453,646,0.701,324,1077,449,155,69,376,575
1338,241,Pittsburgh,32,8,24,0.25,-1.56,8.78,-18,-4,-10,-331,1290,678,1673,0.405,258,795,0.325,371,534,0.695,247,1007,398,138,112,443,553
1340,242,Portland State,33,20,13,0.606,0.21,-0.82,0,3,5,202,1335,1011,2273,0.445,295,864,0.341,516,735,0.702,478,1270,538,327,115,418,729
1339,243,Portland,32,10,22,0.313,-6.08,2.96,-10,-2,-6,-151,1290,781,1745,0.448,255,665,0.383,404,596,0.678,205,1014,387,165,127,383,576
1341,244,Prairie View,34,16,18,0.471,-9.99,-7.56,6,8,-10,-50,1370,890,2043,0.436,247,752,0.328,532,793,0.671,400,1182,439,257,103,460,748
1342,245,Presbyterian,32,11,21,0.344,-14.31,-5.51,-10,0,-11,-149,1285,749,1760,0.426,276,772,0.358,350,510,0.686,290,1003,368,175,62,368,460
1343,246,Princeton,29,13,16,0.448,-2.28,-1.82,-4,2,-4,23,1200,753,1660,0.454,287,767,0.374,313,443,0.707,220,949,367,137,90,334,504
1344,247,Providence NCAA,34,21,13,0.618,11.22,10.19,2,9,-3,35,1385,872,1975,0.442,217,651,0.333,545,775,0.703,359,1221,468,233,128,424,601
1345,248,Purdue NCAA,34,28,6,0.824,24.14,8.64,12,15,6,527,1365,958,1928,0.497,326,776,0.42,517,696,0.743,287,1191,568,198,171,363,528
1346,249,Quinnipiac,33,12,21,0.364,-9.22,-4.16,-4,0,-9,-167,1355,787,1864,0.422,303,893,0.339,487,690,0.706,330,1142,404,182,86,446,566
1347,250,Radford NCAA,34,22,12,0.647,-2.77,-4.84,6,10,-3,102,1385,802,1882,0.426,263,752,0.35,423,585,0.723,392,1175,415,214,100,413,556
1348,251,Rhode Island NCAA,32,25,7,0.781,12.18,3.9,12,14,3,265,1285,899,1957,0.459,218,623,0.35,422,597,0.707,361,1100,489,240,111,343,609
1349,252,Rice,31,7,24,0.226,-8.93,-0.34,-10,-5,-11,-233,1250,711,1751,0.406,260,818,0.318,432,646,0.669,326,1140,378,166,66,460,509
1350,253,Richmond,32,12,20,0.375,0.02,3.8,0,-3,-4,-121,1295,843,1831,0.46,222,664,0.334,389,544,0.715,248,973,486,244,77,373,518
1351,254,Rider,31,22,9,0.71,1.34,-2.79,12,11,2,128,1245,897,1928,0.465,237,656,0.361,503,828,0.607,406,1222,442,235,105,412,612
1352,255,Robert Morris,33,16,17,0.485,-7.57,-5.69,0,-2,-2,-62,1325,794,1932,0.411,242,729,0.332,442,663,0.667,392,1176,382,256,90,489,662
1353,256,Rutgers,34,15,19,0.441,5.77,7.11,-12,4,-9,12,1375,830,2043,0.406,145,501,0.289,409,635,0.644,447,1317,333,240,136,397,583
1170,257,Sacramento State,32,7,25,0.219,-8.57,-0.4,-10,-3,-11,-201,1285,800,1802,0.444,202,570,0.354,355,519,0.684,266,1024,420,172,110,385,586
1357,258,Sacred Heart,31,10,21,0.323,-11.01,-6.61,-8,-4,-7,-108,1245,796,1823,0.437,179,599,0.299,358,540,0.663,373,1238,400,149,72,460,571
1384,259,Saint Francis (PA),30,18,12,0.6,-5.01,-6.43,6,8,-2,118,1220,840,1784,0.471,243,655,0.371,466,612,0.761,267,1016,404,203,69,347,483
1386,260,Saint Joseph's,32,16,16,0.5,3.88,2,2,7,-5,60,1290,826,1952,0.423,255,756,0.337,464,675,0.687,289,1201,447,203,92,320,497
1387,261,Saint Louis,33,17,16,0.515,2.75,3.1,0,6,-4,13,1325,731,1734,0.422,185,573,0.323,523,802,0.652,387,1188,393,198,146,420,596
1388,262,Saint Mary's (CA),33,28,5,0.848,12.97,0.49,14,15,10,412,1330,925,1799,0.514,255,631,0.404,435,561,0.775,261,1103,515,143,90,321,514
1389,263,Saint Peter's,32,14,18,0.438,-4.95,-4.07,-6,3,-9,-28,1310,740,1762,0.42,253,750,0.337,352,488,0.721,292,1050,378,211,101,416,601
1358,264,Sam Houston State,33,19,14,0.576,-5.21,-5,6,11,-5,99,1325,824,1930,0.427,236,703,0.336,462,648,0.713,400,1229,479,202,57,435,653
1359,265,Samford,32,10,22,0.313,-10.86,-3.12,-6,2,-12,-156,1280,870,1845,0.472,289,773,0.374,454,594,0.764,263,974,530,230,76,435,527
1361,266,San Diego State NCAA,32,22,10,0.688,12.51,3.86,4,11,-2,307,1280,882,1913,0.461,235,693,0.339,481,667,0.721,355,1206,477,202,102,382,545
1360,267,San Diego,32,19,13,0.594,3.57,0.8,0,4,2,129,1290,750,1668,0.45,271,752,0.36,472,662,0.713,239,1051,450,170,127,409,664
1362,268,San Francisco,33,18,15,0.545,2.01,2.51,0,6,-3,7,1330,807,1901,0.425,272,810,0.336,380,555,0.685,335,1153,435,187,108,397,643
1363,269,San Jose State,30,4,26,0.133,-8.42,3.23,-16,-8,-13,-286,1210,705,1618,0.436,178,485,0.367,386,558,0.692,277,1073,385,135,69,488,569
1365,270,Santa Clara,31,11,20,0.355,-6.53,1.09,-2,-5,0,-176,1245,718,1674,0.429,232,682,0.34,380,524,0.725,243,887,404,168,73,350,537
1366,271,Savannah State,32,15,17,0.469,-14.99,-4.69,8,8,-9,-237,1295,940,2350,0.4,391,1304,0.3,483,694,0.696,423,1222,504,301,89,448,608
1370,272,Seattle,33,20,13,0.606,-1.8,-2.67,2,14,-7,123,1330,848,1903,0.446,300,813,0.369,503,677,0.743,353,1252,447,161,119,469,673
1371,273,Seton Hall NCAA,32,21,11,0.656,15.49,9.8,2,11,-1,182,1290,914,1950,0.469,233,640,0.364,467,674,0.693,385,1223,506,201,112,410,567
1373,274,Siena,32,8,24,0.25,-10.19,-2.72,-10,-1,-14,-239,1325,752,1790,0.42,220,600,0.367,442,652,0.678,352,1146,355,153,104,483,641
1375,275,South Alabama,32,14,18,0.438,-5.2,-2.63,-4,7,-11,10,1285,752,1783,0.422,252,779,0.323,472,674,0.7,300,1163,396,171,125,479,612
1354,276,South Carolina State,32,10,22,0.313,-19.91,-8.51,-4,3,-14,-305,1290,828,1946,0.425,206,615,0.335,493,706,0.698,363,1105,353,170,77,446,612
1367,277,South Carolina Upstate,32,7,25,0.219,-17.29,-4.18,-10,-1,-17,-299,1290,881,2045,0.431,328,952,0.345,334,460,0.726,335,1062,449,195,86,370,566
1376,278,South Carolina,33,17,16,0.515,9.8,9.59,-4,5,-4,36,1330,756,1899,0.398,240,709,0.339,561,801,0.7,415,1228,423,180,105,455,661
1355,279,South Dakota State NCAA,34,28,6,0.824,7.12,-0.61,12,15,3,367,1375,979,2084,0.47,361,896,0.403,566,745,0.76,302,1321,459,169,78,340,547
1377,280,South Dakota,34,26,8,0.765,7.07,-2.43,8,12,4,441,1360,991,2066,0.48,237,651,0.364,536,711,0.754,343,1276,453,234,65,378,571
1378,281,South Florida,32,10,22,0.313,-6.99,0.32,-12,-4,-7,-234,1285,707,1691,0.418,207,574,0.361,405,560,0.723,309,1066,379,163,76,449,546
1369,282,Southeast Missouri State,31,14,17,0.452,-7.94,-4.7,-2,0,-3,-58,1250,796,1729,0.46,289,738,0.392,474,650,0.729,273,1005,423,178,54,388,553
1368,283,Southeastern Louisiana,33,22,11,0.667,-5.29,-6.56,12,7,4,126,1320,848,1857,0.457,249,692,0.36,449,684,0.656,351,1136,490,222,96,458,559
1425,284,Southern California,34,23,11,0.676,13.76,6.88,6,8,1,234,1370,953,2034,0.469,276,736,0.375,438,607,0.722,344,1178,533,217,142,359,541
1188,285,SIU Edwardsville,30,9,21,0.3,-12.23,-3.16,-8,-5,-6,-272,1200,734,1759,0.417,212,654,0.324,410,580,0.707,324,1024,373,144,82,409,645
1356,286,Southern Illinois,33,20,13,0.606,1.42,0.7,4,10,-3,28,1340,839,1817,0.462,215,604,0.356,415,596,0.696,281,1079,464,247,118,420,588
1374,287,Southern Methodist,33,17,16,0.515,9.44,4.02,-6,8,-6,179,1320,814,1835,0.444,281,741,0.379,384,560,0.686,365,1109,474,244,99,383,535
1379,288,Southern Mississippi,34,16,18,0.471,-4.62,0.95,-4,8,-9,-48,1365,872,1958,0.445,254,749,0.339,403,573,0.703,254,1035,500,237,59,333,528
1381,289,Southern Utah,32,13,19,0.406,-7.27,-0.5,-8,4,-11,-167,1290,824,1887,0.437,253,706,0.358,515,698,0.738,268,1084,374,166,98,408,699
1380,290,Southern,33,15,18,0.455,-14.4,-9.43,2,8,-10,-90,1330,781,1936,0.403,177,524,0.338,540,793,0.681,429,1285,370,187,121,435,629
1382,291,St. Bonaventure NCAA,32,25,7,0.781,8.98,2.08,10,12,5,221,1300,844,1850,0.456,248,623,0.398,557,739,0.754,331,1138,455,221,115,367,641
1383,292,St. Francis (NY),31,13,18,0.419,-11.83,-6.9,2,7,-10,-97,1260,784,1889,0.415,271,783,0.346,421,591,0.712,322,1046,357,225,82,390,668
1385,293,St. John's (NY),33,16,17,0.485,10.44,10.85,-10,2,-5,15,1345,867,1999,0.434,232,706,0.329,446,602,0.741,288,1109,422,282,171,393,614
1390,294,Stanford,33,18,15,0.545,8.6,7.51,4,8,-2,36,1330,871,1877,0.464,223,595,0.375,539,784,0.688,362,1266,445,173,116,490,598
1372,295,Stephen F. Austin NCAA,34,28,6,0.824,2.78,-6.99,10,15,4,443,1360,982,2012,0.488,237,637,0.372,558,791,0.705,395,1217,490,347,103,527,740
1391,296,Stetson,32,12,20,0.375,-12.24,-6.31,-6,-2,-6,-84,1290,907,2053,0.442,250,726,0.344,348,518,0.672,292,1099,471,228,87,350,586
1392,297,Stony Brook,32,13,19,0.406,-4.96,-2.15,-2,0,-5,-44,1290,779,1866,0.417,249,757,0.329,398,606,0.657,364,1152,427,261,94,448,647
1393,298,Syracuse NCAA,33,20,13,0.606,12.25,9.25,-2,9,-2,99,1340,751,1796,0.418,193,601,0.321,534,722,0.74,399,1233,362,239,183,414,538
1396,299,Temple,32,17,15,0.531,7.51,7.88,-2,3,-5,-12,1290,821,1931,0.425,267,755,0.354,342,495,0.691,328,1086,408,214,103,346,556
1404,300,Tennessee-Martin,31,10,21,0.323,-10.34,-4.79,-8,-4,-7,-118,1255,808,1805,0.448,210,650,0.323,309,426,0.725,306,1086,390,214,105,449,568
1398,301,Tennessee State,30,15,15,0.5,-5.14,-2.79,2,4,-3,-13,1220,669,1574,0.425,223,664,0.336,436,590,0.739,261,989,326,213,86,442,563
1399,302,Tennessee Tech,33,19,14,0.576,-5.62,-3.33,2,8,-5,25,1325,844,1924,0.439,242,697,0.347,483,710,0.68,334,1174,471,252,107,471,649
1397,303,Tennessee NCAA,33,25,8,0.758,18.62,10.8,8,11,4,258,1330,833,1897,0.439,259,675,0.384,524,693,0.756,385,1194,522,208,148,403,646
1394,304,Texas A&M-Corpus Christi,29,11,18,0.379,-12,-6.27,-2,1,-7,-94,1170,691,1589,0.435,149,437,0.341,432,603,0.716,292,1005,323,197,84,461,606
1401,305,Texas A&M NCAA,32,20,12,0.625,15.72,10.53,0,10,-3,166,1280,887,1942,0.457,211,645,0.327,415,622,0.667,402,1323,495,180,188,434,536
1426,306,Texas-Arlington,34,21,13,0.618,2.44,-1.2,2,11,-6,140,1365,927,2054,0.451,294,818,0.359,492,713,0.69,375,1333,545,229,143,507,617
1395,307,Texas Christian NCAA,32,21,11,0.656,17.03,9.97,0,12,-4,226,1305,960,1925,0.499,271,677,0.4,465,657,0.708,357,1166,601,211,115,406,537
,308,Texas-El Paso,31,11,20,0.355,-5.56,-0.46,-6,1,-6,-103,1240,754,1736,0.434,224,667,0.336,362,541,0.669,216,1035,328,129,89,381,576
1410,309,Texas-Rio Grande Valley,32,15,17,0.469,-7.35,-2.42,-2,2,-3,-91,1290,807,2004,0.403,198,645,0.307,604,818,0.738,370,1200,482,245,107,431,702
1427,310,Texas-San Antonio,33,19,14,0.576,-1.31,-0.98,4,8,-2,112,1325,920,2110,0.436,335,926,0.362,420,613,0.685,364,1326,463,208,89,417,666
1411,311,Texas Southern NCAA,34,15,19,0.441,-7.92,-5.83,6,6,-12,-71,1370,878,1989,0.441,266,732,0.363,618,860,0.719,350,1229,417,190,133,428,599
1402,312,Texas State,33,15,18,0.455,-5.54,-3.15,-4,0,-3,18,1330,773,1782,0.434,214,648,0.33,430,651,0.661,363,1144,448,179,92,442,543
1403,313,Texas Tech NCAA,33,24,9,0.727,19.57,9.03,4,16,-2,348,1330,863,1859,0.464,232,634,0.366,525,749,0.701,361,1182,447,245,134,412,599
1400,314,Texas NCAA,33,19,14,0.576,14.44,10.92,-2,9,-4,116,1365,851,1943,0.438,234,742,0.315,431,645,0.668,349,1175,381,205,163,390,531
1405,315,Toledo,34,23,11,0.676,2.73,-1.66,8,8,3,155,1360,913,1953,0.467,327,815,0.401,534,725,0.737,319,1253,528,127,135,395,541
1406,316,Towson,32,18,14,0.563,-0.14,-3.14,-2,6,-5,167,1300,889,1905,0.467,210,582,0.361,458,667,0.687,398,1219,381,209,139,405,633
1407,317,Troy,33,16,17,0.485,-1.28,-1.89,0,6,-6,67,1330,848,1930,0.439,292,866,0.337,487,662,0.736,319,1194,435,165,124,408,570
1408,318,Tulane,31,14,17,0.452,1.57,2.44,-8,2,-5,-27,1250,800,1779,0.45,232,663,0.35,437,613,0.713,294,1068,483,155,126,409,557
1409,319,Tulsa,31,19,12,0.613,5.33,2.75,6,11,-3,80,1255,754,1731,0.436,247,711,0.347,522,720,0.725,346,1177,391,140,68,398,495
1417,320,UCLA NCAA,32,21,11,0.656,12.86,7.27,4,12,-4,179,1310,906,1964,0.461,300,783,0.383,509,705,0.722,330,1242,482,183,125,379,574
1429,321,Utah State,34,17,17,0.5,2.59,2.92,-2,7,-10,23,1365,865,1904,0.454,317,870,0.364,442,627,0.705,290,1132,473,170,68,441,617
1430,322,Utah Valley,32,22,10,0.688,5.18,-1.54,6,14,-2,330,1285,869,1806,0.481,252,658,0.383,507,688,0.737,338,1216,517,192,131,446,530
1428,323,Utah,30,19,11,0.633,11.02,6.25,4,10,-1,143,1205,748,1639,0.456,274,748,0.366,435,572,0.76,234,1011,463,158,106,360,503
1434,324,Valparaiso,32,15,17,0.469,0.71,1.01,-6,4,-9,70,1280,781,1741,0.449,213,624,0.341,477,674,0.708,294,1115,399,235,105,469,678
1435,325,Vanderbilt,32,12,20,0.375,8.92,10.54,-6,4,-9,-52,1290,775,1775,0.437,289,819,0.353,477,642,0.743,311,1080,392,154,108,379,632
1436,326,Vermont,34,27,7,0.794,5.51,-3.62,14,10,8,337,1360,852,1747,0.488,258,638,0.404,561,745,0.753,264,1138,452,130,89,378,514
1437,327,Villanova NCAA,34,30,4,0.882,25.69,9.51,10,11,6,550,1375,1055,2092,0.504,388,975,0.398,462,599,0.771,319,1208,567,227,135,352,539
1433,328,Virginia Commonwealth,33,18,15,0.545,3.76,2.64,0,4,0,37,1335,921,2013,0.458,274,778,0.352,391,566,0.691,342,1203,510,210,93,446,561
1440,329,VMI,30,9,21,0.3,-15.21,-4.03,-10,-2,-9,-260,1200,688,1729,0.398,225,704,0.32,353,477,0.74,283,1028,355,221,87,442,539
1439,330,Virginia Tech NCAA,32,21,11,0.656,14.88,6.91,2,10,1,255,1295,901,1811,0.498,280,727,0.385,469,661,0.71,236,1056,528,184,73,381,502
1438,331,Virginia NCAA,33,31,2,0.939,23.84,9.69,16,15,9,467,1325,825,1788,0.461,243,623,0.39,336,443,0.758,277,1077,453,224,123,283,464
1447,332,Wagner,32,23,9,0.719,-2.69,-7.22,10,15,-1,213,1285,818,1891,0.433,263,739,0.356,490,690,0.71,426,1251,431,211,128,438,710
1448,333,Wake Forest,31,11,20,0.355,8.02,9.05,-10,-2,-5,-32,1240,801,1826,0.439,241,644,0.374,430,583,0.738,337,1108,432,181,109,407,604
1450,334,Washington State,31,12,19,0.387,1.02,5.57,-10,0,-9,-141,1250,801,1795,0.446,341,905,0.377,327,444,0.736,258,1009,450,163,71,421,532
1449,335,Washington,32,20,12,0.625,7.86,6.15,2,11,-1,55,1295,841,1848,0.455,213,624,0.341,482,685,0.704,313,1059,371,255,162,428,600
1451,336,Weber State,31,20,11,0.645,0.24,-2.65,8,9,3,239,1255,846,1723,0.491,280,673,0.416,462,602,0.767,182,1040,430,161,120,368,551
1452,337,West Virginia NCAA,34,24,10,0.706,20.17,9.55,4,11,0,361,1365,944,2176,0.434,299,847,0.353,520,679,0.766,476,1289,512,273,179,385,725
1441,338,Western Carolina,32,13,19,0.406,-11.68,-1.41,-2,3,-9,-229,1280,774,1885,0.411,234,703,0.333,408,597,0.683,371,1101,427,254,92,476,561
1442,339,Western Illinois,28,12,16,0.429,-10.78,-1.99,-8,6,-9,3,1135,749,1607,0.466,188,527,0.357,326,456,0.715,196,990,308,136,109,350,432
1443,340,Western Kentucky,34,24,10,0.706,10.03,2.43,10,10,2,281,1365,959,1944,0.493,185,521,0.355,562,792,0.71,330,1213,459,248,124,402,494
1444,341,Western Michigan,32,17,15,0.531,-2.05,-1.82,0,4,-1,53,1285,845,1926,0.439,233,678,0.344,479,659,0.727,356,1130,405,209,100,342,559
1455,342,Wichita State NCAA,32,25,7,0.781,17.53,5.87,10,10,7,373,1290,930,1944,0.478,292,758,0.385,504,683,0.738,389,1291,593,150,126,370,562
1456,343,William & Mary,31,19,12,0.613,-1.3,-1.27,4,8,-1,105,1255,910,1782,0.511,337,777,0.434,479,591,0.81,209,1017,548,174,125,382,530
1457,344,Winthrop,31,19,12,0.613,-1.58,-5.8,6,8,-2,245,1240,859,1801,0.477,296,790,0.375,450,623,0.722,281,1124,455,211,144,429,539
1458,345,Wisconsin,33,15,18,0.455,10.71,9.83,-4,4,-5,29,1325,793,1770,0.448,216,644,0.335,404,578,0.699,299,1010,411,180,117,353,543
1459,346,Wofford,33,21,12,0.636,-0.56,-2.22,4,8,0,177,1320,867,1843,0.47,342,834,0.41,408,522,0.782,263,1067,497,216,86,404,568
1460,347,Wright State NCAA,34,25,9,0.735,0.74,-4.42,10,12,1,219,1370,854,1959,0.436,233,682,0.342,512,714,0.717,346,1235,451,226,75,446,541
1461,348,Wyoming,33,20,13,0.606,4.55,3.83,2,9,-2,36,1365,873,1959,0.446,304,881,0.345,583,790,0.738,231,1148,518,215,130,449,654
1462,349,Xavier NCAA,33,28,5,0.848,19.63,9.84,12,16,7,323,1335,953,1942,0.491,258,699,0.369,617,781,0.79,322,1267,549,193,97,410,558
1463,350,Yale,31,16,15,0.516,-4,-2.63,4,6,-4,24,1250,831,1796,0.463,252,762,0.331,398,551,0.722,275,1052,507,204,95,407,541
1464,351,Youngstown State,32,8,24,0.25,-13.7,-2.6,-6,0,-11,-237,1290,902,2110,0.427,235,712,0.33,371,583,0.636,457,1159,445,266,126,460,672
