ID,Pred
2018_1104_1112,0.645576952
2018_1104_1113,0.728374311
2018_1104_1116,0.623245989
2018_1104_1120,0.71727168
2018_1104_1137,0.722622803
2018_1104_1138,0.735890855
2018_1104_1139,0.63448566
2018_1104_1153,0.669880262
2018_1104_1155,0.643073621
2018_1104_1158,0.694700531
2018_1104_1166,0.663034323
2018_1104_1168,0.741504091
2018_1104_1172,0.710310321
2018_1104_1181,0.632037093
2018_1104_1196,0.686238822
2018_1104_1199,0.70211887
2018_1104_1209,0.714237577
2018_1104_1211,0.70778685
2018_1104_1222,0.634730418
2018_1104_1233,0.751581743
2018_1104_1242,0.680253447
2018_1104_1243,0.761650277
2018_1104_1246,0.60440428
2018_1104_1252,0.758306844
2018_1104_1254,0.706138668
2018_1104_1260,0.714822332
2018_1104_1267,0.771150246
2018_1104_1274,0.672834801
2018_1104_1276,0.789248037
2018_1104_1277,0.725436767
2018_1104_1281,0.663465643
2018_1104_1285,0.650712375
2018_1104_1293,0.763141489
2018_1104_1300,0.833373723
2018_1104_1301,0.639379799
2018_1104_1305,0.679528436
2018_1104_1308,0.7446307
2018_1104_1314,0.704408161
2018_1104_1326,0.635305005
2018_1104_1328,0.722983092
2018_1104_1335,0.764962706
2018_1104_1344,0.783676697
2018_1104_1345,0.632149899
2018_1104_1347,0.820735507
2018_1104_1348,0.682810623
2018_1104_1355,0.767734262
2018_1104_1361,0.715337058
2018_1104_1371,0.673307151
2018_1104_1372,0.646793781
2018_1104_1382,0.730852479
2018_1104_1393,0.670285793
2018_1104_1395,0.681661112
2018_1104_1397,0.678262842
2018_1104_1400,0.719589485
2018_1104_1401,0.726783005
2018_1104_1403,0.594662306
2018_1104_1411,0.688044425
2018_1104_1417,0.656351798
2018_1104_1420,0.78716668
2018_1104_1422,0.768222612
2018_1104_1437,0.735383998
2018_1104_1438,0.747013993
2018_1104_1439,0.764399389
2018_1104_1452,0.660759786
2018_1104_1455,0.762076927
2018_1104_1460,0.746645598
2018_1104_1462,0.71582065
2018_1112_1113,0.33694705
2018_1112_1116,0.231818728
2018_1112_1120,0.325844419
2018_1112_1137,0.331195542
2018_1112_1138,0.344463594
2018_1112_1139,0.243058399
2018_1112_1153,0.278453001
2018_1112_1155,0.251646361
2018_1112_1158,0.303273271
2018_1112_1166,0.271607062
2018_1112_1168,0.35007683
2018_1112_1172,0.31888306
2018_1112_1181,0.240609833
2018_1112_1196,0.294811561
2018_1112_1199,0.310691609
2018_1112_1209,0.322810317
2018_1112_1211,0.316359589
2018_1112_1222,0.243303157
2018_1112_1233,0.360154482
2018_1112_1242,0.288826186
2018_1112_1243,0.370223016
2018_1112_1246,0.212977019
2018_1112_1252,0.366879583
2018_1112_1254,0.314711408
2018_1112_1260,0.323395071
2018_1112_1267,0.379722985
2018_1112_1274,0.281407541
2018_1112_1276,0.397820776
2018_1112_1277,0.334009506
2018_1112_1281,0.272038382
2018_1112_1285,0.259285114
2018_1112_1293,0.371714228
2018_1112_1300,0.441946462
2018_1112_1301,0.247952538
2018_1112_1305,0.288101175
2018_1112_1308,0.353203439
2018_1112_1314,0.3129809
2018_1112_1326,0.243877744
2018_1112_1328,0.331555831
2018_1112_1335,0.373535445
2018_1112_1344,0.392249436
2018_1112_1345,0.240722638
2018_1112_1347,0.429308246
2018_1112_1348,0.291383362
2018_1112_1355,0.376307001
2018_1112_1361,0.323909797
2018_1112_1371,0.28187989
2018_1112_1372,0.25536652
2018_1112_1382,0.339425218
2018_1112_1393,0.278858532
2018_1112_1395,0.290233851
2018_1112_1397,0.286835581
2018_1112_1400,0.328162224
2018_1112_1401,0.335355744
2018_1112_1403,0.203235045
2018_1112_1411,0.296617164
2018_1112_1417,0.264924537
2018_1112_1420,0.395739419
2018_1112_1422,0.376795351
2018_1112_1437,0.343956737
2018_1112_1438,0.355586732
2018_1112_1439,0.372972128
2018_1112_1452,0.269332525
2018_1112_1455,0.370649666
2018_1112_1460,0.355218337
2018_1112_1462,0.32439339
2018_1113_1116,0.733741502
2018_1113_1120,0.827767192
2018_1113_1137,0.833118315
2018_1113_1138,0.846386367
2018_1113_1139,0.744981172
2018_1113_1153,0.780375774
2018_1113_1155,0.753569134
2018_1113_1158,0.805196044
2018_1113_1166,0.773529835
2018_1113_1168,0.851999603
2018_1113_1172,0.820805833
2018_1113_1181,0.742532606
2018_1113_1196,0.796734334
2018_1113_1199,0.812614383
2018_1113_1209,0.82473309
2018_1113_1211,0.818282363
2018_1113_1222,0.745225931
2018_1113_1233,0.862077255
2018_1113_1242,0.79074896
2018_1113_1243,0.872145789
2018_1113_1246,0.714899792
2018_1113_1252,0.868802356
2018_1113_1254,0.816634181
2018_1113_1260,0.825317844
2018_1113_1267,0.881645759
2018_1113_1274,0.783330314
2018_1113_1276,0.899743549
2018_1113_1277,0.83593228
2018_1113_1281,0.773961155
2018_1113_1285,0.761207888
2018_1113_1293,0.873637002
2018_1113_1300,0.943869236
2018_1113_1301,0.749875312
2018_1113_1305,0.790023948
2018_1113_1308,0.855126213
2018_1113_1314,0.814903673
2018_1113_1326,0.745800517
2018_1113_1328,0.833478604
2018_1113_1335,0.875458218
2018_1113_1344,0.89417221
2018_1113_1345,0.742645411
2018_1113_1347,0.93123102
2018_1113_1348,0.793306136
2018_1113_1355,0.878229774
2018_1113_1361,0.82583257
2018_1113_1371,0.783802663
2018_1113_1372,0.757289293
2018_1113_1382,0.841347991
2018_1113_1393,0.780781305
2018_1113_1395,0.792156624
2018_1113_1397,0.788758354
2018_1113_1400,0.830084998
2018_1113_1401,0.837278517
2018_1113_1403,0.705157819
2018_1113_1411,0.798539937
2018_1113_1417,0.76684731
2018_1113_1420,0.897662192
2018_1113_1422,0.878718125
2018_1113_1437,0.845879511
2018_1113_1438,0.857509505
2018_1113_1439,0.874894901
2018_1113_1452,0.771255298
2018_1113_1455,0.87257244
2018_1113_1460,0.857141111
2018_1113_1462,0.826316163
2018_1116_1120,0.257562632
2018_1116_1137,0.262913755
2018_1116_1138,0.276181807
2018_1116_1139,0.174776612
2018_1116_1153,0.210171214
2018_1116_1155,0.183364574
2018_1116_1158,0.234991484
2018_1116_1166,0.203325275
2018_1116_1168,0.281795043
2018_1116_1172,0.250601273
2018_1116_1181,0.172328046
2018_1116_1196,0.226529774
2018_1116_1199,0.242409823
2018_1116_1209,0.25452853
2018_1116_1211,0.248077803
2018_1116_1222,0.175021371
2018_1116_1233,0.291872695
2018_1116_1242,0.2205444
2018_1116_1243,0.301941229
2018_1116_1246,0.144695232
2018_1116_1252,0.298597796
2018_1116_1254,0.246429621
2018_1116_1260,0.255113284
2018_1116_1267,0.311441199
2018_1116_1274,0.213125754
2018_1116_1276,0.329538989
2018_1116_1277,0.26572772
2018_1116_1281,0.203756595
2018_1116_1285,0.191003328
2018_1116_1293,0.303432442
2018_1116_1300,0.373664676
2018_1116_1301,0.179670752
2018_1116_1305,0.219819388
2018_1116_1308,0.284921653
2018_1116_1314,0.244699113
2018_1116_1326,0.175595957
2018_1116_1328,0.263274044
2018_1116_1335,0.305253658
2018_1116_1344,0.32396765
2018_1116_1345,0.172440851
2018_1116_1347,0.36102646
2018_1116_1348,0.223101576
2018_1116_1355,0.308025214
2018_1116_1361,0.25562801
2018_1116_1371,0.213598103
2018_1116_1372,0.187084733
2018_1116_1382,0.271143431
2018_1116_1393,0.210576745
2018_1116_1395,0.221952064
2018_1116_1397,0.218553794
2018_1116_1400,0.259880438
2018_1116_1401,0.267073957
2018_1116_1403,0.134953259
2018_1116_1411,0.228335377
2018_1116_1417,0.19664275
2018_1116_1420,0.327457632
2018_1116_1422,0.308513565
2018_1116_1437,0.275674951
2018_1116_1438,0.287304945
2018_1116_1439,0.304690341
2018_1116_1452,0.201050738
2018_1116_1455,0.30236788
2018_1116_1460,0.28693655
2018_1116_1462,0.256111603
2018_1120_1137,0.73431719
2018_1120_1138,0.747585242
2018_1120_1139,0.646180047
2018_1120_1153,0.681574649
2018_1120_1155,0.654768009
2018_1120_1158,0.706394919
2018_1120_1166,0.67472871
2018_1120_1168,0.753198479
2018_1120_1172,0.722004709
2018_1120_1181,0.643731481
2018_1120_1196,0.69793321
2018_1120_1199,0.713813258
2018_1120_1209,0.725931965
2018_1120_1211,0.719481238
2018_1120_1222,0.646424806
2018_1120_1233,0.763276131
2018_1120_1242,0.691947835
2018_1120_1243,0.773344664
2018_1120_1246,0.616098667
2018_1120_1252,0.770001231
2018_1120_1254,0.717833056
2018_1120_1260,0.726516719
2018_1120_1267,0.782844634
2018_1120_1274,0.684529189
2018_1120_1276,0.800942424
2018_1120_1277,0.737131155
2018_1120_1281,0.67516003
2018_1120_1285,0.662406763
2018_1120_1293,0.774835877
2018_1120_1300,0.845068111
2018_1120_1301,0.651074187
2018_1120_1305,0.691222823
2018_1120_1308,0.756325088
2018_1120_1314,0.716102548
2018_1120_1326,0.646999392
2018_1120_1328,0.73467748
2018_1120_1335,0.776657093
2018_1120_1344,0.795371085
2018_1120_1345,0.643844287
2018_1120_1347,0.832429895
2018_1120_1348,0.694505011
2018_1120_1355,0.77942865
2018_1120_1361,0.727031446
2018_1120_1371,0.685001538
2018_1120_1372,0.658488168
2018_1120_1382,0.742546866
2018_1120_1393,0.68198018
2018_1120_1395,0.6933555
2018_1120_1397,0.689957229
2018_1120_1400,0.731283873
2018_1120_1401,0.738477392
2018_1120_1403,0.606356694
2018_1120_1411,0.699738812
2018_1120_1417,0.668046185
2018_1120_1420,0.798861067
2018_1120_1422,0.779917
2018_1120_1437,0.747078386
2018_1120_1438,0.758708381
2018_1120_1439,0.776093776
2018_1120_1452,0.672454173
2018_1120_1455,0.773771315
2018_1120_1460,0.758339986
2018_1120_1462,0.727515038
2018_1137_1138,0.836239261
2018_1137_1139,0.734834066
2018_1137_1153,0.770228668
2018_1137_1155,0.743422028
2018_1137_1158,0.795048938
2018_1137_1166,0.763382729
2018_1137_1168,0.841852498
2018_1137_1172,0.810658728
2018_1137_1181,0.7323855
2018_1137_1196,0.786587229
2018_1137_1199,0.802467277
2018_1137_1209,0.814585984
2018_1137_1211,0.808135257
2018_1137_1222,0.735078825
2018_1137_1233,0.85193015
2018_1137_1242,0.780601854
2018_1137_1243,0.861998683
2018_1137_1246,0.704752687
2018_1137_1252,0.85865525
2018_1137_1254,0.806487075
2018_1137_1260,0.815170738
2018_1137_1267,0.871498653
2018_1137_1274,0.773183208
2018_1137_1276,0.889596443
2018_1137_1277,0.825785174
2018_1137_1281,0.763814049
2018_1137_1285,0.751060782
2018_1137_1293,0.863489896
2018_1137_1300,0.93372213
2018_1137_1301,0.739728206
2018_1137_1305,0.779876842
2018_1137_1308,0.844979107
2018_1137_1314,0.804756568
2018_1137_1326,0.735653412
2018_1137_1328,0.823331499
2018_1137_1335,0.865311112
2018_1137_1344,0.884025104
2018_1137_1345,0.732498306
2018_1137_1347,0.921083914
2018_1137_1348,0.78315903
2018_1137_1355,0.868082669
2018_1137_1361,0.815685465
2018_1137_1371,0.773655557
2018_1137_1372,0.747142187
2018_1137_1382,0.831200886
2018_1137_1393,0.770634199
2018_1137_1395,0.782009519
2018_1137_1397,0.778611248
2018_1137_1400,0.819937892
2018_1137_1401,0.827131411
2018_1137_1403,0.695010713
2018_1137_1411,0.788392831
2018_1137_1417,0.756700204
2018_1137_1420,0.887515087
2018_1137_1422,0.868571019
2018_1137_1437,0.835732405
2018_1137_1438,0.8473624
2018_1137_1439,0.864747795
2018_1137_1452,0.761108192
2018_1137_1455,0.862425334
2018_1137_1460,0.846994005
2018_1137_1462,0.816169057
2018_1138_1139,0.462492833
2018_1138_1153,0.497887435
2018_1138_1155,0.471080795
2018_1138_1158,0.522707705
2018_1138_1166,0.491041496
2018_1138_1168,0.569511265
2018_1138_1172,0.538317495
2018_1138_1181,0.460044267
2018_1138_1196,0.514245996
2018_1138_1199,0.530126044
2018_1138_1209,0.542244751
2018_1138_1211,0.535794024
2018_1138_1222,0.462737592
2018_1138_1233,0.579588917
2018_1138_1242,0.508260621
2018_1138_1243,0.58965745
2018_1138_1246,0.432411453
2018_1138_1252,0.586314017
2018_1138_1254,0.534145842
2018_1138_1260,0.542829505
2018_1138_1267,0.59915742
2018_1138_1274,0.500841975
2018_1138_1276,0.61725521
2018_1138_1277,0.553443941
2018_1138_1281,0.491472816
2018_1138_1285,0.478719549
2018_1138_1293,0.591148663
2018_1138_1300,0.661380897
2018_1138_1301,0.467386973
2018_1138_1305,0.507535609
2018_1138_1308,0.572637874
2018_1138_1314,0.532415334
2018_1138_1326,0.463312178
2018_1138_1328,0.550990266
2018_1138_1335,0.592969879
2018_1138_1344,0.611683871
2018_1138_1345,0.460157073
2018_1138_1347,0.648742681
2018_1138_1348,0.510817797
2018_1138_1355,0.595741436
2018_1138_1361,0.543344232
2018_1138_1371,0.501314324
2018_1138_1372,0.474800954
2018_1138_1382,0.558859652
2018_1138_1393,0.498292966
2018_1138_1395,0.509668286
2018_1138_1397,0.506270015
2018_1138_1400,0.547596659
2018_1138_1401,0.554790178
2018_1138_1403,0.42266948
2018_1138_1411,0.516051598
2018_1138_1417,0.484358971
2018_1138_1420,0.615173853
2018_1138_1422,0.596229786
2018_1138_1437,0.563391172
2018_1138_1438,0.575021167
2018_1138_1439,0.592406562
2018_1138_1452,0.488766959
2018_1138_1455,0.590084101
2018_1138_1460,0.574652772
2018_1138_1462,0.543827824
2018_1139_1153,0.269550613
2018_1139_1155,0.242743973
2018_1139_1158,0.294370883
2018_1139_1166,0.262704674
2018_1139_1168,0.341174443
2018_1139_1172,0.309980673
2018_1139_1181,0.231707445
2018_1139_1196,0.285909174
2018_1139_1199,0.301789222
2018_1139_1209,0.313907929
2018_1139_1211,0.307457202
2018_1139_1222,0.23440077
2018_1139_1233,0.351252095
2018_1139_1242,0.279923799
2018_1139_1243,0.361320628
2018_1139_1246,0.204074632
2018_1139_1252,0.357977196
2018_1139_1254,0.30580902
2018_1139_1260,0.314492683
2018_1139_1267,0.370820598
2018_1139_1274,0.272505153
2018_1139_1276,0.388918389
2018_1139_1277,0.325107119
2018_1139_1281,0.263135994
2018_1139_1285,0.250382727
2018_1139_1293,0.362811841
2018_1139_1300,0.433044075
2018_1139_1301,0.239050151
2018_1139_1305,0.279198788
2018_1139_1308,0.344301052
2018_1139_1314,0.304078513
2018_1139_1326,0.234975357
2018_1139_1328,0.322653444
2018_1139_1335,0.364633058
2018_1139_1344,0.383347049
2018_1139_1345,0.231820251
2018_1139_1347,0.420405859
2018_1139_1348,0.282480975
2018_1139_1355,0.367404614
2018_1139_1361,0.31500741
2018_1139_1371,0.272977502
2018_1139_1372,0.246464132
2018_1139_1382,0.330522831
2018_1139_1393,0.269956145
2018_1139_1395,0.281331464
2018_1139_1397,0.277933193
2018_1139_1400,0.319259837
2018_1139_1401,0.326453356
2018_1139_1403,0.194332658
2018_1139_1411,0.287714776
2018_1139_1417,0.256022149
2018_1139_1420,0.386837032
2018_1139_1422,0.367892964
2018_1139_1437,0.33505435
2018_1139_1438,0.346684345
2018_1139_1439,0.36406974
2018_1139_1452,0.260430137
2018_1139_1455,0.361747279
2018_1139_1460,0.34631595
2018_1139_1462,0.315491002
2018_1153_1155,0.272964747
2018_1153_1158,0.324591658
2018_1153_1166,0.292925449
2018_1153_1168,0.371395217
2018_1153_1172,0.340201447
2018_1153_1181,0.26192822
2018_1153_1196,0.316129948
2018_1153_1199,0.332009996
2018_1153_1209,0.344128703
2018_1153_1211,0.337677976
2018_1153_1222,0.264621544
2018_1153_1233,0.381472869
2018_1153_1242,0.310144573
2018_1153_1243,0.391541403
2018_1153_1246,0.234295406
2018_1153_1252,0.38819797
2018_1153_1254,0.336029794
2018_1153_1260,0.344713458
2018_1153_1267,0.401041372
2018_1153_1274,0.302725927
2018_1153_1276,0.419139163
2018_1153_1277,0.355327893
2018_1153_1281,0.293356769
2018_1153_1285,0.280603501
2018_1153_1293,0.393032615
2018_1153_1300,0.463264849
2018_1153_1301,0.269270925
2018_1153_1305,0.309419562
2018_1153_1308,0.374521826
2018_1153_1314,0.334299287
2018_1153_1326,0.265196131
2018_1153_1328,0.352874218
2018_1153_1335,0.394853832
2018_1153_1344,0.413567823
2018_1153_1345,0.262041025
2018_1153_1347,0.450626633
2018_1153_1348,0.312701749
2018_1153_1355,0.397625388
2018_1153_1361,0.345228184
2018_1153_1371,0.303198277
2018_1153_1372,0.276684907
2018_1153_1382,0.360743605
2018_1153_1393,0.300176919
2018_1153_1395,0.311552238
2018_1153_1397,0.308153968
2018_1153_1400,0.349480611
2018_1153_1401,0.356674131
2018_1153_1403,0.224553432
2018_1153_1411,0.317935551
2018_1153_1417,0.286242924
2018_1153_1420,0.417057806
2018_1153_1422,0.398113738
2018_1153_1437,0.365275124
2018_1153_1438,0.376905119
2018_1153_1439,0.394290515
2018_1153_1452,0.290650912
2018_1153_1455,0.391968053
2018_1153_1460,0.376536724
2018_1153_1462,0.345711777
2018_1155_1158,0.22842638
2018_1155_1166,0.196760171
2018_1155_1168,0.275229939
2018_1155_1172,0.244036169
2018_1155_1181,0.165762942
2018_1155_1196,0.21996467
2018_1155_1199,0.235844719
2018_1155_1209,0.247963426
2018_1155_1211,0.241512699
2018_1155_1222,0.168456267
2018_1155_1233,0.285307591
2018_1155_1242,0.213979296
2018_1155_1243,0.295376125
2018_1155_1246,0.138130128
2018_1155_1252,0.292032692
2018_1155_1254,0.239864517
2018_1155_1260,0.24854818
2018_1155_1267,0.304876095
2018_1155_1274,0.20656065
2018_1155_1276,0.322973885
2018_1155_1277,0.259162616
2018_1155_1281,0.197191491
2018_1155_1285,0.184438224
2018_1155_1293,0.296867338
2018_1155_1300,0.367099572
2018_1155_1301,0.173105648
2018_1155_1305,0.213254284
2018_1155_1308,0.278356549
2018_1155_1314,0.238134009
2018_1155_1326,0.169030853
2018_1155_1328,0.25670894
2018_1155_1335,0.298688554
2018_1155_1344,0.317402546
2018_1155_1345,0.165875747
2018_1155_1347,0.354461356
2018_1155_1348,0.216536472
2018_1155_1355,0.30146011
2018_1155_1361,0.249062906
2018_1155_1371,0.207032999
2018_1155_1372,0.180519629
2018_1155_1382,0.264578327
2018_1155_1393,0.204011641
2018_1155_1395,0.21538696
2018_1155_1397,0.21198869
2018_1155_1400,0.253315334
2018_1155_1401,0.260508853
2018_1155_1403,0.128388155
2018_1155_1411,0.221770273
2018_1155_1417,0.190077646
2018_1155_1420,0.320892528
2018_1155_1422,0.301948461
2018_1155_1437,0.269109847
2018_1155_1438,0.280739841
2018_1155_1439,0.298125237
2018_1155_1452,0.194485634
2018_1155_1455,0.295802776
2018_1155_1460,0.280371446
2018_1155_1462,0.249546499
2018_1158_1166,0.188442035
2018_1158_1168,0.266911803
2018_1158_1172,0.235718033
2018_1158_1181,0.157444806
2018_1158_1196,0.211646534
2018_1158_1199,0.227526582
2018_1158_1209,0.23964529
2018_1158_1211,0.233194563
2018_1158_1222,0.16013813
2018_1158_1233,0.276989455
2018_1158_1242,0.205661159
2018_1158_1243,0.287057989
2018_1158_1246,0.129811992
2018_1158_1252,0.283714556
2018_1158_1254,0.231546381
2018_1158_1260,0.240230044
2018_1158_1267,0.296557958
2018_1158_1274,0.198242514
2018_1158_1276,0.314655749
2018_1158_1277,0.250844479
2018_1158_1281,0.188873355
2018_1158_1285,0.176120088
2018_1158_1293,0.288549202
2018_1158_1300,0.358781435
2018_1158_1301,0.164787511
2018_1158_1305,0.204936148
2018_1158_1308,0.270038413
2018_1158_1314,0.229815873
2018_1158_1326,0.160712717
2018_1158_1328,0.248390804
2018_1158_1335,0.290370418
2018_1158_1344,0.30908441
2018_1158_1345,0.157557611
2018_1158_1347,0.34614322
2018_1158_1348,0.208218335
2018_1158_1355,0.293141974
2018_1158_1361,0.24074477
2018_1158_1371,0.198714863
2018_1158_1372,0.172201493
2018_1158_1382,0.256260191
2018_1158_1393,0.195693505
2018_1158_1395,0.207068824
2018_1158_1397,0.203670554
2018_1158_1400,0.244997198
2018_1158_1401,0.252190717
2018_1158_1403,0.120070019
2018_1158_1411,0.213452137
2018_1158_1417,0.18175951
2018_1158_1420,0.312574392
2018_1158_1422,0.293630325
2018_1158_1437,0.260791711
2018_1158_1438,0.272421705
2018_1158_1439,0.289807101
2018_1158_1452,0.186167498
2018_1158_1455,0.287484639
2018_1158_1460,0.27205331
2018_1158_1462,0.241228363
2018_1166_1168,0.30729751
2018_1166_1172,0.27610374
2018_1166_1181,0.197830512
2018_1166_1196,0.252032241
2018_1166_1199,0.267912289
2018_1166_1209,0.280030996
2018_1166_1211,0.273580269
2018_1166_1222,0.200523837
2018_1166_1233,0.317375162
2018_1166_1242,0.246046866
2018_1166_1243,0.327443695
2018_1166_1246,0.170197698
2018_1166_1252,0.324100262
2018_1166_1254,0.271932087
2018_1166_1260,0.28061575
2018_1166_1267,0.336943665
2018_1166_1274,0.23862822
2018_1166_1276,0.355041455
2018_1166_1277,0.291230186
2018_1166_1281,0.229259061
2018_1166_1285,0.216505794
2018_1166_1293,0.328934908
2018_1166_1300,0.399167142
2018_1166_1301,0.205173218
2018_1166_1305,0.245321854
2018_1166_1308,0.310424119
2018_1166_1314,0.270201579
2018_1166_1326,0.201098423
2018_1166_1328,0.288776511
2018_1166_1335,0.330756124
2018_1166_1344,0.349470116
2018_1166_1345,0.197943318
2018_1166_1347,0.386528926
2018_1166_1348,0.248604042
2018_1166_1355,0.333527681
2018_1166_1361,0.281130477
2018_1166_1371,0.239100569
2018_1166_1372,0.212587199
2018_1166_1382,0.296645897
2018_1166_1393,0.236079211
2018_1166_1395,0.247454531
2018_1166_1397,0.24405626
2018_1166_1400,0.285382904
2018_1166_1401,0.292576423
2018_1166_1403,0.160455725
2018_1166_1411,0.253837843
2018_1166_1417,0.222145216
2018_1166_1420,0.352960098
2018_1166_1422,0.334016031
2018_1166_1437,0.301177417
2018_1166_1438,0.312807412
2018_1166_1439,0.330192807
2018_1166_1452,0.226553204
2018_1166_1455,0.327870346
2018_1166_1460,0.312439017
2018_1166_1462,0.281614069
2018_1168_1172,0.283700019
2018_1168_1181,0.205426791
2018_1168_1196,0.25962852
2018_1168_1199,0.275508568
2018_1168_1209,0.287627275
2018_1168_1211,0.281176548
2018_1168_1222,0.208120116
2018_1168_1233,0.324971441
2018_1168_1242,0.253643145
2018_1168_1243,0.335039974
2018_1168_1246,0.177793978
2018_1168_1252,0.331696542
2018_1168_1254,0.279528366
2018_1168_1260,0.288212029
2018_1168_1267,0.344539944
2018_1168_1274,0.246224499
2018_1168_1276,0.362637734
2018_1168_1277,0.298826465
2018_1168_1281,0.23685534
2018_1168_1285,0.224102073
2018_1168_1293,0.336531187
2018_1168_1300,0.406763421
2018_1168_1301,0.212769497
2018_1168_1305,0.252918133
2018_1168_1308,0.318020398
2018_1168_1314,0.277797859
2018_1168_1326,0.208694703
2018_1168_1328,0.29637279
2018_1168_1335,0.338352403
2018_1168_1344,0.357066395
2018_1168_1345,0.205539597
2018_1168_1347,0.394125205
2018_1168_1348,0.256200321
2018_1168_1355,0.34112396
2018_1168_1361,0.288726756
2018_1168_1371,0.246696848
2018_1168_1372,0.220183478
2018_1168_1382,0.304242177
2018_1168_1393,0.243675491
2018_1168_1395,0.25505081
2018_1168_1397,0.251652539
2018_1168_1400,0.292979183
2018_1168_1401,0.300172702
2018_1168_1403,0.168052004
2018_1168_1411,0.261434122
2018_1168_1417,0.229741495
2018_1168_1420,0.360556378
2018_1168_1422,0.34161231
2018_1168_1437,0.308773696
2018_1168_1438,0.320403691
2018_1168_1439,0.337789086
2018_1168_1452,0.234149483
2018_1168_1455,0.335466625
2018_1168_1460,0.320035296
2018_1168_1462,0.289210348
2018_1172_1181,0.068155449
2018_1172_1196,0.122357178
2018_1172_1199,0.138237226
2018_1172_1209,0.150355933
2018_1172_1211,0.143905206
2018_1172_1222,0.070848774
2018_1172_1233,0.187700099
2018_1172_1242,0.116371803
2018_1172_1243,0.197768632
2018_1172_1246,0.040522636
2018_1172_1252,0.1944252
2018_1172_1254,0.142257024
2018_1172_1260,0.150940687
2018_1172_1267,0.207268602
2018_1172_1274,0.108953157
2018_1172_1276,0.225366393
2018_1172_1277,0.161555123
2018_1172_1281,0.099583998
2018_1172_1285,0.086830731
2018_1172_1293,0.199259845
2018_1172_1300,0.269492079
2018_1172_1301,0.075498155
2018_1172_1305,0.115646792
2018_1172_1308,0.180749056
2018_1172_1314,0.140526517
2018_1172_1326,0.071423361
2018_1172_1328,0.159101448
2018_1172_1335,0.201081062
2018_1172_1344,0.219795053
2018_1172_1345,0.068268255
2018_1172_1347,0.256853863
2018_1172_1348,0.118928979
2018_1172_1355,0.203852618
2018_1172_1361,0.151455414
2018_1172_1371,0.109425506
2018_1172_1372,0.082912136
2018_1172_1382,0.166970835
2018_1172_1393,0.106404149
2018_1172_1395,0.117779468
2018_1172_1397,0.114381197
2018_1172_1400,0.155707841
2018_1172_1401,0.16290136
2018_1172_1403,0.030780662
2018_1172_1411,0.12416278
2018_1172_1417,0.092470153
2018_1172_1420,0.223285036
2018_1172_1422,0.204340968
2018_1172_1437,0.171502354
2018_1172_1438,0.183132349
2018_1172_1439,0.200517744
2018_1172_1452,0.096878141
2018_1172_1455,0.198195283
2018_1172_1460,0.182763954
2018_1172_1462,0.151939006
2018_1181_1196,0.276773801
2018_1181_1199,0.292653849
2018_1181_1209,0.304772557
2018_1181_1211,0.29832183
2018_1181_1222,0.225265397
2018_1181_1233,0.342116722
2018_1181_1242,0.270788426
2018_1181_1243,0.352185256
2018_1181_1246,0.194939259
2018_1181_1252,0.348841823
2018_1181_1254,0.296673648
2018_1181_1260,0.305357311
2018_1181_1267,0.361685225
2018_1181_1274,0.263369781
2018_1181_1276,0.379783016
2018_1181_1277,0.315971746
2018_1181_1281,0.254000622
2018_1181_1285,0.241247354
2018_1181_1293,0.353676468
2018_1181_1300,0.423908702
2018_1181_1301,0.229914778
2018_1181_1305,0.270063415
2018_1181_1308,0.33516568
2018_1181_1314,0.29494314
2018_1181_1326,0.225839984
2018_1181_1328,0.313518071
2018_1181_1335,0.355497685
2018_1181_1344,0.374211677
2018_1181_1345,0.222684878
2018_1181_1347,0.411270487
2018_1181_1348,0.273345602
2018_1181_1355,0.358269241
2018_1181_1361,0.305872037
2018_1181_1371,0.26384213
2018_1181_1372,0.23732876
2018_1181_1382,0.321387458
2018_1181_1393,0.260820772
2018_1181_1395,0.272196091
2018_1181_1397,0.268797821
2018_1181_1400,0.310124465
2018_1181_1401,0.317317984
2018_1181_1403,0.185197286
2018_1181_1411,0.278579404
2018_1181_1417,0.246886777
2018_1181_1420,0.377701659
2018_1181_1422,0.358757592
2018_1181_1437,0.325918978
2018_1181_1438,0.337548972
2018_1181_1439,0.354934368
2018_1181_1452,0.251294765
2018_1181_1455,0.352611906
2018_1181_1460,0.337180577
2018_1181_1462,0.30635563
2018_1196_1199,0.353615506
2018_1196_1209,0.365734213
2018_1196_1211,0.359283486
2018_1196_1222,0.286227054
2018_1196_1233,0.403078378
2018_1196_1242,0.331750083
2018_1196_1243,0.413146912
2018_1196_1246,0.255900915
2018_1196_1252,0.409803479
2018_1196_1254,0.357635304
2018_1196_1260,0.366318967
2018_1196_1267,0.422646882
2018_1196_1274,0.324331437
2018_1196_1276,0.440744672
2018_1196_1277,0.376933403
2018_1196_1281,0.314962278
2018_1196_1285,0.302209011
2018_1196_1293,0.414638125
2018_1196_1300,0.484870359
2018_1196_1301,0.290876435
2018_1196_1305,0.331025071
2018_1196_1308,0.396127336
2018_1196_1314,0.355904796
2018_1196_1326,0.28680164
2018_1196_1328,0.374479727
2018_1196_1335,0.416459341
2018_1196_1344,0.435173333
2018_1196_1345,0.283646534
2018_1196_1347,0.472232143
2018_1196_1348,0.334307259
2018_1196_1355,0.419230897
2018_1196_1361,0.366833693
2018_1196_1371,0.324803786
2018_1196_1372,0.298290416
2018_1196_1382,0.382349114
2018_1196_1393,0.321782428
2018_1196_1395,0.333157747
2018_1196_1397,0.329759477
2018_1196_1400,0.371086121
2018_1196_1401,0.37827964
2018_1196_1403,0.246158942
2018_1196_1411,0.33954106
2018_1196_1417,0.307848433
2018_1196_1420,0.438663315
2018_1196_1422,0.419719248
2018_1196_1437,0.386880634
2018_1196_1438,0.398510628
2018_1196_1439,0.415896024
2018_1196_1452,0.312256421
2018_1196_1455,0.413573563
2018_1196_1460,0.398142234
2018_1196_1462,0.367317286
2018_1199_1209,0.721566215
2018_1199_1211,0.715115488
2018_1199_1222,0.642059056
2018_1199_1233,0.758910381
2018_1199_1242,0.687582085
2018_1199_1243,0.768978915
2018_1199_1246,0.611732918
2018_1199_1252,0.765635482
2018_1199_1254,0.713467306
2018_1199_1260,0.72215097
2018_1199_1267,0.778478884
2018_1199_1274,0.680163439
2018_1199_1276,0.796576675
2018_1199_1277,0.732765405
2018_1199_1281,0.67079428
2018_1199_1285,0.658041013
2018_1199_1293,0.770470127
2018_1199_1300,0.840702361
2018_1199_1301,0.646708437
2018_1199_1305,0.686857074
2018_1199_1308,0.751959338
2018_1199_1314,0.711736799
2018_1199_1326,0.642633643
2018_1199_1328,0.73031173
2018_1199_1335,0.772291344
2018_1199_1344,0.791005335
2018_1199_1345,0.639478537
2018_1199_1347,0.828064145
2018_1199_1348,0.690139261
2018_1199_1355,0.7750629
2018_1199_1361,0.722665696
2018_1199_1371,0.680635788
2018_1199_1372,0.654122418
2018_1199_1382,0.738181117
2018_1199_1393,0.677614431
2018_1199_1395,0.68898975
2018_1199_1397,0.68559148
2018_1199_1400,0.726918123
2018_1199_1401,0.734111643
2018_1199_1403,0.601990944
2018_1199_1411,0.695373062
2018_1199_1417,0.663680435
2018_1199_1420,0.794495318
2018_1199_1422,0.77555125
2018_1199_1437,0.742712636
2018_1199_1438,0.754342631
2018_1199_1439,0.771728026
2018_1199_1452,0.668088423
2018_1199_1455,0.769405565
2018_1199_1460,0.753974236
2018_1199_1462,0.723149288
2018_1209_1211,0.208877418
2018_1209_1222,0.135820986
2018_1209_1233,0.25267231
2018_1209_1242,0.181344015
2018_1209_1243,0.262740844
2018_1209_1246,0.105494847
2018_1209_1252,0.259397411
2018_1209_1254,0.207229236
2018_1209_1260,0.215912899
2018_1209_1267,0.272240814
2018_1209_1274,0.173925369
2018_1209_1276,0.290338604
2018_1209_1277,0.226527335
2018_1209_1281,0.16455621
2018_1209_1285,0.151802943
2018_1209_1293,0.264232057
2018_1209_1300,0.334464291
2018_1209_1301,0.140470367
2018_1209_1305,0.180619003
2018_1209_1308,0.245721268
2018_1209_1314,0.205498728
2018_1209_1326,0.136395572
2018_1209_1328,0.22407366
2018_1209_1335,0.266053273
2018_1209_1344,0.284767265
2018_1209_1345,0.133240466
2018_1209_1347,0.321826075
2018_1209_1348,0.183901191
2018_1209_1355,0.268824829
2018_1209_1361,0.216427626
2018_1209_1371,0.174397718
2018_1209_1372,0.147884348
2018_1209_1382,0.231943046
2018_1209_1393,0.17137636
2018_1209_1395,0.182751679
2018_1209_1397,0.179353409
2018_1209_1400,0.220680053
2018_1209_1401,0.227873572
2018_1209_1403,0.095752874
2018_1209_1411,0.189134992
2018_1209_1417,0.157442365
2018_1209_1420,0.288257247
2018_1209_1422,0.26931318
2018_1209_1437,0.236474566
2018_1209_1438,0.24810456
2018_1209_1439,0.265489956
2018_1209_1452,0.161850353
2018_1209_1455,0.263167495
2018_1209_1460,0.247736166
2018_1209_1462,0.216911218
2018_1211_1222,0.692116545
2018_1211_1233,0.80896787
2018_1211_1242,0.737639574
2018_1211_1243,0.819036404
2018_1211_1246,0.661790407
2018_1211_1252,0.815692971
2018_1211_1254,0.763524796
2018_1211_1260,0.772208459
2018_1211_1267,0.828536373
2018_1211_1274,0.730220929
2018_1211_1276,0.846634164
2018_1211_1277,0.782822894
2018_1211_1281,0.72085177
2018_1211_1285,0.708098502
2018_1211_1293,0.820527616
2018_1211_1300,0.89075985
2018_1211_1301,0.696765926
2018_1211_1305,0.736914563
2018_1211_1308,0.802016827
2018_1211_1314,0.761794288
2018_1211_1326,0.692691132
2018_1211_1328,0.780369219
2018_1211_1335,0.822348833
2018_1211_1344,0.841062824
2018_1211_1345,0.689536026
2018_1211_1347,0.878121634
2018_1211_1348,0.74019675
2018_1211_1355,0.825120389
2018_1211_1361,0.772723185
2018_1211_1371,0.730693278
2018_1211_1372,0.704179908
2018_1211_1382,0.788238606
2018_1211_1393,0.72767192
2018_1211_1395,0.739047239
2018_1211_1397,0.735648969
2018_1211_1400,0.776975612
2018_1211_1401,0.784169132
2018_1211_1403,0.652048433
2018_1211_1411,0.745430552
2018_1211_1417,0.713737925
2018_1211_1420,0.844552807
2018_1211_1422,0.825608739
2018_1211_1437,0.792770125
2018_1211_1438,0.80440012
2018_1211_1439,0.821785516
2018_1211_1452,0.718145913
2018_1211_1455,0.819463054
2018_1211_1460,0.804031725
2018_1211_1462,0.773206778
2018_1222_1233,0.205866646
2018_1222_1242,0.134538351
2018_1222_1243,0.21593518
2018_1222_1246,0.058689183
2018_1222_1252,0.212591747
2018_1222_1254,0.160423572
2018_1222_1260,0.169107235
2018_1222_1267,0.22543515
2018_1222_1274,0.127119705
2018_1222_1276,0.24353294
2018_1222_1277,0.17972167
2018_1222_1281,0.117750546
2018_1222_1285,0.104997279
2018_1222_1293,0.217426393
2018_1222_1300,0.287658627
2018_1222_1301,0.093664703
2018_1222_1305,0.133813339
2018_1222_1308,0.198915604
2018_1222_1314,0.158693064
2018_1222_1326,0.089589908
2018_1222_1328,0.177267995
2018_1222_1335,0.219247609
2018_1222_1344,0.237961601
2018_1222_1345,0.086434802
2018_1222_1347,0.275020411
2018_1222_1348,0.137095526
2018_1222_1355,0.222019165
2018_1222_1361,0.169621961
2018_1222_1371,0.127592054
2018_1222_1372,0.101078684
2018_1222_1382,0.185137382
2018_1222_1393,0.124570696
2018_1222_1395,0.135946015
2018_1222_1397,0.132547745
2018_1222_1400,0.173874389
2018_1222_1401,0.181067908
2018_1222_1403,0.04894721
2018_1222_1411,0.142329328
2018_1222_1417,0.110636701
2018_1222_1420,0.241451583
2018_1222_1422,0.222507516
2018_1222_1437,0.189668902
2018_1222_1438,0.201298896
2018_1222_1439,0.218684292
2018_1222_1452,0.115044689
2018_1222_1455,0.21636183
2018_1222_1460,0.200930501
2018_1222_1462,0.170105554
2018_1233_1242,0.280404437
2018_1233_1243,0.361801266
2018_1233_1246,0.20455527
2018_1233_1252,0.358457834
2018_1233_1254,0.306289658
2018_1233_1260,0.314973321
2018_1233_1267,0.371301236
2018_1233_1274,0.272985791
2018_1233_1276,0.389399027
2018_1233_1277,0.325587757
2018_1233_1281,0.263616632
2018_1233_1285,0.250863365
2018_1233_1293,0.363292479
2018_1233_1300,0.433524713
2018_1233_1301,0.239530789
2018_1233_1305,0.279679426
2018_1233_1308,0.34478169
2018_1233_1314,0.304559151
2018_1233_1326,0.235455995
2018_1233_1328,0.323134082
2018_1233_1335,0.365113696
2018_1233_1344,0.383827687
2018_1233_1345,0.232300889
2018_1233_1347,0.420886497
2018_1233_1348,0.282961613
2018_1233_1355,0.367885252
2018_1233_1361,0.315488048
2018_1233_1371,0.27345814
2018_1233_1372,0.24694477
2018_1233_1382,0.331003469
2018_1233_1393,0.270436783
2018_1233_1395,0.281812102
2018_1233_1397,0.278413832
2018_1233_1400,0.319740475
2018_1233_1401,0.326933994
2018_1233_1403,0.194813296
2018_1233_1411,0.288195414
2018_1233_1417,0.256502787
2018_1233_1420,0.38731767
2018_1233_1422,0.368373602
2018_1233_1437,0.335534988
2018_1233_1438,0.347164983
2018_1233_1439,0.364550378
2018_1233_1452,0.260910775
2018_1233_1455,0.362227917
2018_1233_1460,0.346796588
2018_1233_1462,0.31597164
2018_1242_1243,0.175753329
2018_1242_1246,0.018507332
2018_1242_1252,0.172409896
2018_1242_1254,0.120241721
2018_1242_1260,0.128925384
2018_1242_1267,0.185253299
2018_1242_1274,0.086937854
2018_1242_1276,0.203351089
2018_1242_1277,0.139539819
2018_1242_1281,0.077568695
2018_1242_1285,0.064815428
2018_1242_1293,0.177244542
2018_1242_1300,0.247476776
2018_1242_1301,0.053482852
2018_1242_1305,0.093631488
2018_1242_1308,0.158733753
2018_1242_1314,0.118511213
2018_1242_1326,0.049408057
2018_1242_1328,0.137086144
2018_1242_1335,0.179065758
2018_1242_1344,0.19777975
2018_1242_1345,0.046252951
2018_1242_1347,0.23483856
2018_1242_1348,0.096913675
2018_1242_1355,0.181837314
2018_1242_1361,0.12944011
2018_1242_1371,0.087410203
2018_1242_1372,0.060896833
2018_1242_1382,0.144955531
2018_1242_1393,0.084388845
2018_1242_1395,0.095764164
2018_1242_1397,0.092365894
2018_1242_1400,0.133692538
2018_1242_1401,0.140886057
2018_1242_1403,0.008765359
2018_1242_1411,0.102147477
2018_1242_1417,0.07045485
2018_1242_1420,0.201269732
2018_1242_1422,0.182325665
2018_1242_1437,0.149487051
2018_1242_1438,0.161117045
2018_1242_1439,0.178502441
2018_1242_1452,0.074862838
2018_1242_1455,0.176179979
2018_1242_1460,0.16074865
2018_1242_1462,0.129923703
2018_1243_1246,0.622451146
2018_1243_1252,0.77635371
2018_1243_1254,0.724185535
2018_1243_1260,0.732869198
2018_1243_1267,0.789197113
2018_1243_1274,0.690881668
2018_1243_1276,0.807294903
2018_1243_1277,0.743483634
2018_1243_1281,0.681512509
2018_1243_1285,0.668759242
2018_1243_1293,0.781188356
2018_1243_1300,0.85142059
2018_1243_1301,0.657426666
2018_1243_1305,0.697575302
2018_1243_1308,0.762677567
2018_1243_1314,0.722455027
2018_1243_1326,0.653351871
2018_1243_1328,0.741029959
2018_1243_1335,0.783009572
2018_1243_1344,0.801723564
2018_1243_1345,0.650196766
2018_1243_1347,0.838782374
2018_1243_1348,0.70085749
2018_1243_1355,0.785781129
2018_1243_1361,0.733383925
2018_1243_1371,0.691354017
2018_1243_1372,0.664840647
2018_1243_1382,0.748899345
2018_1243_1393,0.688332659
2018_1243_1395,0.699707979
2018_1243_1397,0.696309708
2018_1243_1400,0.737636352
2018_1243_1401,0.744829871
2018_1243_1403,0.612709173
2018_1243_1411,0.706091291
2018_1243_1417,0.674398664
2018_1243_1420,0.805213546
2018_1243_1422,0.786269479
2018_1243_1437,0.753430865
2018_1243_1438,0.76506086
2018_1243_1439,0.782446255
2018_1243_1452,0.678806652
2018_1243_1455,0.780123794
2018_1243_1460,0.764692465
2018_1243_1462,0.733867517
2018_1246_1252,0.28264257
2018_1246_1254,0.230474395
2018_1246_1260,0.239158058
2018_1246_1267,0.295485973
2018_1246_1274,0.197170528
2018_1246_1276,0.313583763
2018_1246_1277,0.249772494
2018_1246_1281,0.187801369
2018_1246_1285,0.175048102
2018_1246_1293,0.287477216
2018_1246_1300,0.35770945
2018_1246_1301,0.163715526
2018_1246_1305,0.203864162
2018_1246_1308,0.268966427
2018_1246_1314,0.228743887
2018_1246_1326,0.159640731
2018_1246_1328,0.247318819
2018_1246_1335,0.289298432
2018_1246_1344,0.308012424
2018_1246_1345,0.156485626
2018_1246_1347,0.345071234
2018_1246_1348,0.20714635
2018_1246_1355,0.292069989
2018_1246_1361,0.239672785
2018_1246_1371,0.197642877
2018_1246_1372,0.171129507
2018_1246_1382,0.255188205
2018_1246_1393,0.194621519
2018_1246_1395,0.205996839
2018_1246_1397,0.202598568
2018_1246_1400,0.243925212
2018_1246_1401,0.251118731
2018_1246_1403,0.118998033
2018_1246_1411,0.212380151
2018_1246_1417,0.180687524
2018_1246_1420,0.311502406
2018_1246_1422,0.292558339
2018_1246_1437,0.259719725
2018_1246_1438,0.27134972
2018_1246_1439,0.288735115
2018_1246_1452,0.185095512
2018_1246_1455,0.286412654
2018_1246_1460,0.270981325
2018_1246_1462,0.240156377
2018_1252_1254,0.533345732
2018_1252_1260,0.542029395
2018_1252_1267,0.59835731
2018_1252_1274,0.500041865
2018_1252_1276,0.6164551
2018_1252_1277,0.552643831
2018_1252_1281,0.490672706
2018_1252_1285,0.477919439
2018_1252_1293,0.590348553
2018_1252_1300,0.660580787
2018_1252_1301,0.466586863
2018_1252_1305,0.506735499
2018_1252_1308,0.571837764
2018_1252_1314,0.531615224
2018_1252_1326,0.462512068
2018_1252_1328,0.550190156
2018_1252_1335,0.592169769
2018_1252_1344,0.610883761
2018_1252_1345,0.459356963
2018_1252_1347,0.647942571
2018_1252_1348,0.510017687
2018_1252_1355,0.594941326
2018_1252_1361,0.542544122
2018_1252_1371,0.500514214
2018_1252_1372,0.474000844
2018_1252_1382,0.558059542
2018_1252_1393,0.497492856
2018_1252_1395,0.508868176
2018_1252_1397,0.505469905
2018_1252_1400,0.546796549
2018_1252_1401,0.553990068
2018_1252_1403,0.42186937
2018_1252_1411,0.515251488
2018_1252_1417,0.483558861
2018_1252_1420,0.614373743
2018_1252_1422,0.595429676
2018_1252_1437,0.562591062
2018_1252_1438,0.574221057
2018_1252_1439,0.591606452
2018_1252_1452,0.487966849
2018_1252_1455,0.589283991
2018_1252_1460,0.573852662
2018_1252_1462,0.543027714
2018_1254_1260,0.367683847
2018_1254_1267,0.424011762
2018_1254_1274,0.325696317
2018_1254_1276,0.442109552
2018_1254_1277,0.378298283
2018_1254_1281,0.316327158
2018_1254_1285,0.303573891
2018_1254_1293,0.416003005
2018_1254_1300,0.486235239
2018_1254_1301,0.292241315
2018_1254_1305,0.332389951
2018_1254_1308,0.397492216
2018_1254_1314,0.357269676
2018_1254_1326,0.28816652
2018_1254_1328,0.375844608
2018_1254_1335,0.417824221
2018_1254_1344,0.436538213
2018_1254_1345,0.285011414
2018_1254_1347,0.473597023
2018_1254_1348,0.335672139
2018_1254_1355,0.420595777
2018_1254_1361,0.368198574
2018_1254_1371,0.326168666
2018_1254_1372,0.299655296
2018_1254_1382,0.383713994
2018_1254_1393,0.323147308
2018_1254_1395,0.334522628
2018_1254_1397,0.331124357
2018_1254_1400,0.372451001
2018_1254_1401,0.37964452
2018_1254_1403,0.247523822
2018_1254_1411,0.34090594
2018_1254_1417,0.309213313
2018_1254_1420,0.440028195
2018_1254_1422,0.421084128
2018_1254_1437,0.388245514
2018_1254_1438,0.399875508
2018_1254_1439,0.417260904
2018_1254_1452,0.313621301
2018_1254_1455,0.414938443
2018_1254_1460,0.399507114
2018_1254_1462,0.368682166
2018_1260_1267,0.307893202
2018_1260_1274,0.209577757
2018_1260_1276,0.325990993
2018_1260_1277,0.262179723
2018_1260_1281,0.200208599
2018_1260_1285,0.187455331
2018_1260_1293,0.299884445
2018_1260_1300,0.370116679
2018_1260_1301,0.176122755
2018_1260_1305,0.216271392
2018_1260_1308,0.281373656
2018_1260_1314,0.241151117
2018_1260_1326,0.172047961
2018_1260_1328,0.259726048
2018_1260_1335,0.301705662
2018_1260_1344,0.320419653
2018_1260_1345,0.168892855
2018_1260_1347,0.357478463
2018_1260_1348,0.219553579
2018_1260_1355,0.304477218
2018_1260_1361,0.252080014
2018_1260_1371,0.210050107
2018_1260_1372,0.183536737
2018_1260_1382,0.267595435
2018_1260_1393,0.207028749
2018_1260_1395,0.218404068
2018_1260_1397,0.215005798
2018_1260_1400,0.256332441
2018_1260_1401,0.263525961
2018_1260_1403,0.131405262
2018_1260_1411,0.224787381
2018_1260_1417,0.193094754
2018_1260_1420,0.323909636
2018_1260_1422,0.304965568
2018_1260_1437,0.272126954
2018_1260_1438,0.283756949
2018_1260_1439,0.301142345
2018_1260_1452,0.197502742
2018_1260_1455,0.298819883
2018_1260_1460,0.283388554
2018_1260_1462,0.252563607
2018_1267_1274,0.683189251
2018_1267_1276,0.799602486
2018_1267_1277,0.735791216
2018_1267_1281,0.673820092
2018_1267_1285,0.661066825
2018_1267_1293,0.773495939
2018_1267_1300,0.843728172
2018_1267_1301,0.649734248
2018_1267_1305,0.689882885
2018_1267_1308,0.75498515
2018_1267_1314,0.71476261
2018_1267_1326,0.645659454
2018_1267_1328,0.733337541
2018_1267_1335,0.775317155
2018_1267_1344,0.794031147
2018_1267_1345,0.642504348
2018_1267_1347,0.831089957
2018_1267_1348,0.693165072
2018_1267_1355,0.778088711
2018_1267_1361,0.725691507
2018_1267_1371,0.6836616
2018_1267_1372,0.65714823
2018_1267_1382,0.741206928
2018_1267_1393,0.680640242
2018_1267_1395,0.692015561
2018_1267_1397,0.688617291
2018_1267_1400,0.729943935
2018_1267_1401,0.737137454
2018_1267_1403,0.605016756
2018_1267_1411,0.698398874
2018_1267_1417,0.666706247
2018_1267_1420,0.797521129
2018_1267_1422,0.778577062
2018_1267_1437,0.745738448
2018_1267_1438,0.757368442
2018_1267_1439,0.774753838
2018_1267_1452,0.671114235
2018_1267_1455,0.772431376
2018_1267_1460,0.757000047
2018_1267_1462,0.7261751
2018_1274_1276,0.19458573
2018_1274_1277,0.130774461
2018_1274_1281,0.068803336
2018_1274_1285,0.056050069
2018_1274_1293,0.168479183
2018_1274_1300,0.238711417
2018_1274_1301,0.044717493
2018_1274_1305,0.084866129
2018_1274_1308,0.149968394
2018_1274_1314,0.109745855
2018_1274_1326,0.040642699
2018_1274_1328,0.128320786
2018_1274_1335,0.170300399
2018_1274_1344,0.189014391
2018_1274_1345,0.037487593
2018_1274_1347,0.226073201
2018_1274_1348,0.088148317
2018_1274_1355,0.173071956
2018_1274_1361,0.120674752
2018_1274_1371,0.078644844
2018_1274_1372,0.052131474
2018_1274_1382,0.136190173
2018_1274_1393,0.075623486
2018_1274_1395,0.086998806
2018_1274_1397,0.083600535
2018_1274_1400,0.124927179
2018_1274_1401,0.132120698
2018_1274_1403,0
2018_1274_1411,0.093382118
2018_1274_1417,0.061689491
2018_1274_1420,0.192504374
2018_1274_1422,0.173560306
2018_1274_1437,0.140721692
2018_1274_1438,0.152351687
2018_1274_1439,0.169737082
2018_1274_1452,0.066097479
2018_1274_1455,0.167414621
2018_1274_1460,0.151983292
2018_1274_1462,0.121158344
2018_1276_1277,0.840120598
2018_1276_1281,0.778149474
2018_1276_1285,0.765396206
2018_1276_1293,0.877825321
2018_1276_1300,0.948057554
2018_1276_1301,0.75406363
2018_1276_1305,0.794212267
2018_1276_1308,0.859314532
2018_1276_1314,0.819091992
2018_1276_1326,0.749988836
2018_1276_1328,0.837666923
2018_1276_1335,0.879646537
2018_1276_1344,0.898360529
2018_1276_1345,0.74683373
2018_1276_1347,0.935419339
2018_1276_1348,0.797494454
2018_1276_1355,0.882418093
2018_1276_1361,0.830020889
2018_1276_1371,0.787990982
2018_1276_1372,0.761477612
2018_1276_1382,0.84553631
2018_1276_1393,0.784969624
2018_1276_1395,0.796344943
2018_1276_1397,0.792946673
2018_1276_1400,0.834273317
2018_1276_1401,0.841466836
2018_1276_1403,0.709346138
2018_1276_1411,0.802728256
2018_1276_1417,0.771035629
2018_1276_1420,0.901850511
2018_1276_1422,0.882906444
2018_1276_1437,0.85006783
2018_1276_1438,0.861697824
2018_1276_1439,0.87908322
2018_1276_1452,0.775443617
2018_1276_1455,0.876760758
2018_1276_1460,0.861329429
2018_1276_1462,0.830504482
2018_1277_1281,0.784420483
2018_1277_1285,0.771667216
2018_1277_1293,0.88409633
2018_1277_1300,0.954328564
2018_1277_1301,0.76033464
2018_1277_1305,0.800483276
2018_1277_1308,0.865585541
2018_1277_1314,0.825363001
2018_1277_1326,0.756259845
2018_1277_1328,0.843937933
2018_1277_1335,0.885917546
2018_1277_1344,0.904631538
2018_1277_1345,0.75310474
2018_1277_1347,0.941690348
2018_1277_1348,0.803765464
2018_1277_1355,0.888689103
2018_1277_1361,0.836291899
2018_1277_1371,0.794261991
2018_1277_1372,0.767748621
2018_1277_1382,0.851807319
2018_1277_1393,0.791240633
2018_1277_1395,0.802615953
2018_1277_1397,0.799217682
2018_1277_1400,0.840544326
2018_1277_1401,0.847737845
2018_1277_1403,0.715617147
2018_1277_1411,0.808999265
2018_1277_1417,0.777306638
2018_1277_1420,0.90812152
2018_1277_1422,0.889177453
2018_1277_1437,0.856338839
2018_1277_1438,0.867968834
2018_1277_1439,0.885354229
2018_1277_1452,0.781714626
2018_1277_1455,0.883031768
2018_1277_1460,0.867600439
2018_1277_1462,0.836775491
2018_1281_1285,0.157510511
2018_1281_1293,0.269939625
2018_1281_1300,0.340171859
2018_1281_1301,0.146177935
2018_1281_1305,0.186326571
2018_1281_1308,0.251428836
2018_1281_1314,0.211206296
2018_1281_1326,0.14210314
2018_1281_1328,0.229781227
2018_1281_1335,0.271760841
2018_1281_1344,0.290474833
2018_1281_1345,0.138948034
2018_1281_1347,0.327533643
2018_1281_1348,0.189608758
2018_1281_1355,0.274532397
2018_1281_1361,0.222135193
2018_1281_1371,0.180105286
2018_1281_1372,0.153591916
2018_1281_1382,0.237650614
2018_1281_1393,0.177083928
2018_1281_1395,0.188459247
2018_1281_1397,0.185060977
2018_1281_1400,0.226387621
2018_1281_1401,0.23358114
2018_1281_1403,0.101460442
2018_1281_1411,0.19484256
2018_1281_1417,0.163149933
2018_1281_1420,0.293964815
2018_1281_1422,0.275020748
2018_1281_1437,0.242182134
2018_1281_1438,0.253812128
2018_1281_1439,0.271197524
2018_1281_1452,0.167557921
2018_1281_1455,0.268875063
2018_1281_1460,0.253443733
2018_1281_1462,0.222618786
2018_1285_1293,0.362329482
2018_1285_1300,0.432561716
2018_1285_1301,0.238567792
2018_1285_1305,0.278716428
2018_1285_1308,0.343818693
2018_1285_1314,0.303596153
2018_1285_1326,0.234492997
2018_1285_1328,0.322171084
2018_1285_1335,0.364150698
2018_1285_1344,0.38286469
2018_1285_1345,0.231337891
2018_1285_1347,0.4199235
2018_1285_1348,0.281998616
2018_1285_1355,0.366922254
2018_1285_1361,0.31452505
2018_1285_1371,0.272495143
2018_1285_1372,0.245981773
2018_1285_1382,0.330040471
2018_1285_1393,0.269473785
2018_1285_1395,0.280849104
2018_1285_1397,0.277450834
2018_1285_1400,0.318777478
2018_1285_1401,0.325970997
2018_1285_1403,0.193850299
2018_1285_1411,0.287232417
2018_1285_1417,0.25553979
2018_1285_1420,0.386354672
2018_1285_1422,0.367410605
2018_1285_1437,0.334571991
2018_1285_1438,0.346201985
2018_1285_1439,0.363587381
2018_1285_1452,0.259947778
2018_1285_1455,0.36126492
2018_1285_1460,0.345833591
2018_1285_1462,0.315008643
2018_1293_1300,0.777370589
2018_1293_1301,0.583376665
2018_1293_1305,0.623525301
2018_1293_1308,0.688627566
2018_1293_1314,0.648405026
2018_1293_1326,0.57930187
2018_1293_1328,0.666979958
2018_1293_1335,0.708959571
2018_1293_1344,0.727673563
2018_1293_1345,0.576146765
2018_1293_1347,0.764732373
2018_1293_1348,0.626807489
2018_1293_1355,0.711731128
2018_1293_1361,0.659333924
2018_1293_1371,0.617304016
2018_1293_1372,0.590790646
2018_1293_1382,0.674849344
2018_1293_1393,0.614282658
2018_1293_1395,0.625657978
2018_1293_1397,0.622259707
2018_1293_1400,0.663586351
2018_1293_1401,0.67077987
2018_1293_1403,0.538659172
2018_1293_1411,0.63204129
2018_1293_1417,0.600348663
2018_1293_1420,0.731163545
2018_1293_1422,0.712219478
2018_1293_1437,0.679380864
2018_1293_1438,0.691010859
2018_1293_1439,0.708396254
2018_1293_1452,0.604756651
2018_1293_1455,0.706073793
2018_1293_1460,0.690642464
2018_1293_1462,0.659817516
2018_1300_1301,0.773681056
2018_1300_1305,0.813829693
2018_1300_1308,0.878931958
2018_1300_1314,0.838709418
2018_1300_1326,0.769606262
2018_1300_1328,0.857284349
2018_1300_1335,0.899263963
2018_1300_1344,0.917977955
2018_1300_1345,0.766451156
2018_1300_1347,0.955036765
2018_1300_1348,0.81711188
2018_1300_1355,0.902035519
2018_1300_1361,0.849638315
2018_1300_1371,0.807608408
2018_1300_1372,0.781095038
2018_1300_1382,0.865153736
2018_1300_1393,0.80458705
2018_1300_1395,0.815962369
2018_1300_1397,0.812564099
2018_1300_1400,0.853890743
2018_1300_1401,0.861084262
2018_1300_1403,0.728963564
2018_1300_1411,0.822345682
2018_1300_1417,0.790653055
2018_1300_1420,0.921467937
2018_1300_1422,0.90252387
2018_1300_1437,0.869685256
2018_1300_1438,0.88131525
2018_1300_1439,0.898700646
2018_1300_1452,0.795061043
2018_1300_1455,0.896378184
2018_1300_1460,0.880946855
2018_1300_1462,0.850121908
2018_1301_1305,0.196226187
2018_1301_1308,0.261328452
2018_1301_1314,0.221105912
2018_1301_1326,0.152002756
2018_1301_1328,0.239680843
2018_1301_1335,0.281660457
2018_1301_1344,0.300374449
2018_1301_1345,0.14884765
2018_1301_1347,0.337433258
2018_1301_1348,0.199508374
2018_1301_1355,0.284432013
2018_1301_1361,0.232034809
2018_1301_1371,0.190004902
2018_1301_1372,0.163491532
2018_1301_1382,0.24755023
2018_1301_1393,0.186983544
2018_1301_1395,0.198358863
2018_1301_1397,0.194960593
2018_1301_1400,0.236287237
2018_1301_1401,0.243480756
2018_1301_1403,0.111360058
2018_1301_1411,0.204742176
2018_1301_1417,0.173049549
2018_1301_1420,0.303864431
2018_1301_1422,0.284920364
2018_1301_1437,0.25208175
2018_1301_1438,0.263711744
2018_1301_1439,0.28109714
2018_1301_1452,0.177457537
2018_1301_1455,0.278774678
2018_1301_1460,0.263343349
2018_1301_1462,0.232518402
2018_1305_1308,0.184772189
2018_1305_1314,0.144549649
2018_1305_1326,0.075446493
2018_1305_1328,0.16312458
2018_1305_1335,0.205104194
2018_1305_1344,0.223818186
2018_1305_1345,0.072291387
2018_1305_1347,0.260876996
2018_1305_1348,0.122952111
2018_1305_1355,0.20787575
2018_1305_1361,0.155478546
2018_1305_1371,0.113448639
2018_1305_1372,0.086935269
2018_1305_1382,0.170993967
2018_1305_1393,0.110427281
2018_1305_1395,0.1218026
2018_1305_1397,0.11840433
2018_1305_1400,0.159730974
2018_1305_1401,0.166924493
2018_1305_1403,0.034803795
2018_1305_1411,0.128185913
2018_1305_1417,0.096493286
2018_1305_1420,0.227308168
2018_1305_1422,0.208364101
2018_1305_1437,0.175525487
2018_1305_1438,0.187155481
2018_1305_1439,0.204540877
2018_1305_1452,0.100901274
2018_1305_1455,0.202218415
2018_1305_1460,0.186787086
2018_1305_1462,0.155962139
2018_1308_1314,0.652621211
2018_1308_1326,0.583518055
2018_1308_1328,0.671196142
2018_1308_1335,0.713175756
2018_1308_1344,0.731889748
2018_1308_1345,0.580362949
2018_1308_1347,0.768948558
2018_1308_1348,0.631023673
2018_1308_1355,0.715947312
2018_1308_1361,0.663550108
2018_1308_1371,0.621520201
2018_1308_1372,0.595006831
2018_1308_1382,0.679065529
2018_1308_1393,0.618498843
2018_1308_1395,0.629874162
2018_1308_1397,0.626475892
2018_1308_1400,0.667802536
2018_1308_1401,0.674996055
2018_1308_1403,0.542875357
2018_1308_1411,0.636257475
2018_1308_1417,0.604564848
2018_1308_1420,0.73537973
2018_1308_1422,0.716435663
2018_1308_1437,0.683597049
2018_1308_1438,0.695227043
2018_1308_1439,0.712612439
2018_1308_1452,0.608972836
2018_1308_1455,0.710289977
2018_1308_1460,0.694858648
2018_1308_1462,0.664033701
2018_1314_1326,0.176048168
2018_1314_1328,0.263726255
2018_1314_1335,0.305705869
2018_1314_1344,0.32441986
2018_1314_1345,0.172893062
2018_1314_1347,0.36147867
2018_1314_1348,0.223553786
2018_1314_1355,0.308477425
2018_1314_1361,0.256080221
2018_1314_1371,0.214050313
2018_1314_1372,0.187536943
2018_1314_1382,0.271595642
2018_1314_1393,0.211028956
2018_1314_1395,0.222404275
2018_1314_1397,0.219006005
2018_1314_1400,0.260332648
2018_1314_1401,0.267526167
2018_1314_1403,0.135405469
2018_1314_1411,0.228787587
2018_1314_1417,0.19709496
2018_1314_1420,0.327909843
2018_1314_1422,0.308965775
2018_1314_1437,0.276127161
2018_1314_1438,0.287757156
2018_1314_1439,0.305142551
2018_1314_1452,0.201502948
2018_1314_1455,0.30282009
2018_1314_1460,0.287388761
2018_1314_1462,0.256563813
2018_1326_1328,0.199884403
2018_1326_1335,0.241864016
2018_1326_1344,0.260578008
2018_1326_1345,0.10905121
2018_1326_1347,0.297636818
2018_1326_1348,0.159711934
2018_1326_1355,0.244635573
2018_1326_1361,0.192238369
2018_1326_1371,0.150208461
2018_1326_1372,0.123695091
2018_1326_1382,0.207753789
2018_1326_1393,0.147187103
2018_1326_1395,0.158562423
2018_1326_1397,0.155164152
2018_1326_1400,0.196490796
2018_1326_1401,0.203684315
2018_1326_1403,0.071563617
2018_1326_1411,0.164945735
2018_1326_1417,0.133253108
2018_1326_1420,0.26406799
2018_1326_1422,0.245123923
2018_1326_1437,0.212285309
2018_1326_1438,0.223915304
2018_1326_1439,0.241300699
2018_1326_1452,0.137661096
2018_1326_1455,0.238978238
2018_1326_1460,0.223546909
2018_1326_1462,0.192721961
2018_1328_1335,0.944227199
2018_1328_1344,0.96294119
2018_1328_1345,0.811414392
2018_1328_1347,1
2018_1328_1348,0.862075116
2018_1328_1355,0.946998755
2018_1328_1361,0.894601551
2018_1328_1371,0.852571643
2018_1328_1372,0.826058273
2018_1328_1382,0.910116972
2018_1328_1393,0.849550286
2018_1328_1395,0.860925605
2018_1328_1397,0.857527334
2018_1328_1400,0.898853978
2018_1328_1401,0.906047497
2018_1328_1403,0.773926799
2018_1328_1411,0.867308917
2018_1328_1417,0.83561629
2018_1328_1420,0.966431173
2018_1328_1422,0.947487105
2018_1328_1437,0.914648491
2018_1328_1438,0.926278486
2018_1328_1439,0.943663881
2018_1328_1452,0.840024278
2018_1328_1455,0.94134142
2018_1328_1460,0.925910091
2018_1328_1462,0.895085143
2018_1335_1344,0.391014194
2018_1335_1345,0.239487396
2018_1335_1347,0.428073004
2018_1335_1348,0.29014812
2018_1335_1355,0.375071759
2018_1335_1361,0.322674555
2018_1335_1371,0.280644647
2018_1335_1372,0.254131277
2018_1335_1382,0.338189976
2018_1335_1393,0.27762329
2018_1335_1395,0.288998609
2018_1335_1397,0.285600339
2018_1335_1400,0.326926982
2018_1335_1401,0.334120502
2018_1335_1403,0.201999803
2018_1335_1411,0.295381921
2018_1335_1417,0.263689294
2018_1335_1420,0.394504177
2018_1335_1422,0.375560109
2018_1335_1437,0.342721495
2018_1335_1438,0.35435149
2018_1335_1439,0.371736886
2018_1335_1452,0.268097282
2018_1335_1455,0.369414424
2018_1335_1460,0.353983095
2018_1335_1462,0.323158147
2018_1344_1345,0.757836322
2018_1344_1347,0.94642193
2018_1344_1348,0.808497046
2018_1344_1355,0.893420685
2018_1344_1361,0.841023481
2018_1344_1371,0.798993573
2018_1344_1372,0.772480203
2018_1344_1382,0.856538902
2018_1344_1393,0.795972216
2018_1344_1395,0.807347535
2018_1344_1397,0.803949264
2018_1344_1400,0.845275908
2018_1344_1401,0.852469427
2018_1344_1403,0.720348729
2018_1344_1411,0.813730847
2018_1344_1417,0.78203822
2018_1344_1420,0.912853103
2018_1344_1422,0.893909035
2018_1344_1437,0.861070421
2018_1344_1438,0.872700416
2018_1344_1439,0.890085811
2018_1344_1452,0.786446208
2018_1344_1455,0.88776335
2018_1344_1460,0.872332021
2018_1344_1462,0.841507073
2018_1345_1347,0.33339171
2018_1345_1348,0.195466826
2018_1345_1355,0.280390465
2018_1345_1361,0.227993261
2018_1345_1371,0.185963353
2018_1345_1372,0.159449983
2018_1345_1382,0.243508681
2018_1345_1393,0.182941995
2018_1345_1395,0.194317315
2018_1345_1397,0.190919044
2018_1345_1400,0.232245688
2018_1345_1401,0.239439207
2018_1345_1403,0.107318509
2018_1345_1411,0.200700627
2018_1345_1417,0.169008
2018_1345_1420,0.299822882
2018_1345_1422,0.280878815
2018_1345_1437,0.248040201
2018_1345_1438,0.259670196
2018_1345_1439,0.277055591
2018_1345_1452,0.173415988
2018_1345_1455,0.27473313
2018_1345_1460,0.259301801
2018_1345_1462,0.228476853
2018_1347_1348,0.801386651
2018_1347_1355,0.88631029
2018_1347_1361,0.833913086
2018_1347_1371,0.791883179
2018_1347_1372,0.765369809
2018_1347_1382,0.849428507
2018_1347_1393,0.788861821
2018_1347_1395,0.80023714
2018_1347_1397,0.79683887
2018_1347_1400,0.838165513
2018_1347_1401,0.845359033
2018_1347_1403,0.713238334
2018_1347_1411,0.806620453
2018_1347_1417,0.774927826
2018_1347_1420,0.905742708
2018_1347_1422,0.88679864
2018_1347_1437,0.853960026
2018_1347_1438,0.865590021
2018_1347_1439,0.882975417
2018_1347_1452,0.779335814
2018_1347_1455,0.880652955
2018_1347_1460,0.865221626
2018_1347_1462,0.834396679
2018_1348_1355,0.340604763
2018_1348_1361,0.288207559
2018_1348_1371,0.246177652
2018_1348_1372,0.219664282
2018_1348_1382,0.30372298
2018_1348_1393,0.243156294
2018_1348_1395,0.254531613
2018_1348_1397,0.251133343
2018_1348_1400,0.292459987
2018_1348_1401,0.299653506
2018_1348_1403,0.167532808
2018_1348_1411,0.260914926
2018_1348_1417,0.229222299
2018_1348_1420,0.360037181
2018_1348_1422,0.341093114
2018_1348_1437,0.3082545
2018_1348_1438,0.319884494
2018_1348_1439,0.33726989
2018_1348_1452,0.233630287
2018_1348_1455,0.334947429
2018_1348_1460,0.3195161
2018_1348_1462,0.288691152
2018_1355_1361,0.672693578
2018_1355_1371,0.630663671
2018_1355_1372,0.604150301
2018_1355_1382,0.688208999
2018_1355_1393,0.627642313
2018_1355_1395,0.639017632
2018_1355_1397,0.635619362
2018_1355_1400,0.676946006
2018_1355_1401,0.684139525
2018_1355_1403,0.552018827
2018_1355_1411,0.645400945
2018_1355_1417,0.613708318
2018_1355_1420,0.7445232
2018_1355_1422,0.725579133
2018_1355_1437,0.692740518
2018_1355_1438,0.704370513
2018_1355_1439,0.721755909
2018_1355_1452,0.618116306
2018_1355_1455,0.719433447
2018_1355_1460,0.704002118
2018_1355_1462,0.673177171
2018_1361_1371,0.565955472
2018_1361_1372,0.539442102
2018_1361_1382,0.623500801
2018_1361_1393,0.562934115
2018_1361_1395,0.574309434
2018_1361_1397,0.570911164
2018_1361_1400,0.612237807
2018_1361_1401,0.619431327
2018_1361_1403,0.487310628
2018_1361_1411,0.580692747
2018_1361_1417,0.549000119
2018_1361_1420,0.679815002
2018_1361_1422,0.660870934
2018_1361_1437,0.62803232
2018_1361_1438,0.639662315
2018_1361_1439,0.657047711
2018_1361_1452,0.553408108
2018_1361_1455,0.654725249
2018_1361_1460,0.63929392
2018_1361_1462,0.608468972
2018_1371_1372,0.285269989
2018_1371_1382,0.369328687
2018_1371_1393,0.308762001
2018_1371_1395,0.320137321
2018_1371_1397,0.31673905
2018_1371_1400,0.358065694
2018_1371_1401,0.365259213
2018_1371_1403,0.233138515
2018_1371_1411,0.326520633
2018_1371_1417,0.294828006
2018_1371_1420,0.425642888
2018_1371_1422,0.406698821
2018_1371_1437,0.373860207
2018_1371_1438,0.385490202
2018_1371_1439,0.402875597
2018_1371_1452,0.299235994
2018_1371_1455,0.400553136
2018_1371_1460,0.385121807
2018_1371_1462,0.354296859
2018_1372_1382,0.257180139
2018_1372_1393,0.196613453
2018_1372_1395,0.207988772
2018_1372_1397,0.204590502
2018_1372_1400,0.245917146
2018_1372_1401,0.253110665
2018_1372_1403,0.120989967
2018_1372_1411,0.214372085
2018_1372_1417,0.182679458
2018_1372_1420,0.31349434
2018_1372_1422,0.294550273
2018_1372_1437,0.261711659
2018_1372_1438,0.273341653
2018_1372_1439,0.290727049
2018_1372_1452,0.187087446
2018_1372_1455,0.288404588
2018_1372_1460,0.272973258
2018_1372_1462,0.242148311
2018_1382_1393,0.570745331
2018_1382_1395,0.58212065
2018_1382_1397,0.57872238
2018_1382_1400,0.620049023
2018_1382_1401,0.627242543
2018_1382_1403,0.495121844
2018_1382_1411,0.588503962
2018_1382_1417,0.556811335
2018_1382_1420,0.687626218
2018_1382_1422,0.66868215
2018_1382_1437,0.635843536
2018_1382_1438,0.647473531
2018_1382_1439,0.664858927
2018_1382_1452,0.561219323
2018_1382_1455,0.662536465
2018_1382_1460,0.647105136
2018_1382_1462,0.616280188
2018_1393_1395,0.167422201
2018_1393_1397,0.164023931
2018_1393_1400,0.205350574
2018_1393_1401,0.212544094
2018_1393_1403,0.080423396
2018_1393_1411,0.173805514
2018_1393_1417,0.142112887
2018_1393_1420,0.272927769
2018_1393_1422,0.253983701
2018_1393_1437,0.221145087
2018_1393_1438,0.232775082
2018_1393_1439,0.250160478
2018_1393_1452,0.146520875
2018_1393_1455,0.247838016
2018_1393_1460,0.232406687
2018_1393_1462,0.20158174
2018_1395_1397,0.257023664
2018_1395_1400,0.298350308
2018_1395_1401,0.305543827
2018_1395_1403,0.173423129
2018_1395_1411,0.266805247
2018_1395_1417,0.23511262
2018_1395_1420,0.365927503
2018_1395_1422,0.346983435
2018_1395_1437,0.314144821
2018_1395_1438,0.325774816
2018_1395_1439,0.343160211
2018_1395_1452,0.239520608
2018_1395_1455,0.34083775
2018_1395_1460,0.325406421
2018_1395_1462,0.294581473
2018_1397_1400,0.16144551
2018_1397_1401,0.168639029
2018_1397_1403,0.036518331
2018_1397_1411,0.129900449
2018_1397_1417,0.098207822
2018_1397_1420,0.229022704
2018_1397_1422,0.210078637
2018_1397_1437,0.177240022
2018_1397_1438,0.188870017
2018_1397_1439,0.206255413
2018_1397_1452,0.10261581
2018_1397_1455,0.203932951
2018_1397_1460,0.188501622
2018_1397_1462,0.157676675
2018_1400_1401,0.794556962
2018_1400_1403,0.662436264
2018_1400_1411,0.755818382
2018_1400_1417,0.724125755
2018_1400_1420,0.854940637
2018_1400_1422,0.83599657
2018_1400_1437,0.803157956
2018_1400_1438,0.814787951
2018_1400_1439,0.832173346
2018_1400_1452,0.728533743
2018_1400_1455,0.829850885
2018_1400_1460,0.814419556
2018_1400_1462,0.783594608
2018_1401_1403,0.560986748
2018_1401_1411,0.654368866
2018_1401_1417,0.622676239
2018_1401_1420,0.753491121
2018_1401_1422,0.734547054
2018_1401_1437,0.70170844
2018_1401_1438,0.713338434
2018_1401_1439,0.73072383
2018_1401_1452,0.627084227
2018_1401_1455,0.728401368
2018_1401_1460,0.712970039
2018_1401_1462,0.682145092
2018_1403_1411,0.176270564
2018_1403_1417,0.144577937
2018_1403_1420,0.275392819
2018_1403_1422,0.256448752
2018_1403_1437,0.223610138
2018_1403_1438,0.235240132
2018_1403_1439,0.252625528
2018_1403_1452,0.148985925
2018_1403_1455,0.250303067
2018_1403_1460,0.234871737
2018_1403_1462,0.20404679
2018_1411_1417,0.181353667
2018_1411_1420,0.312168549
2018_1411_1422,0.293224482
2018_1411_1437,0.260385867
2018_1411_1438,0.272015862
2018_1411_1439,0.289401258
2018_1411_1452,0.185761655
2018_1411_1455,0.287078796
2018_1411_1460,0.271647467
2018_1411_1462,0.24082252
2018_1417_1420,0.230987793
2018_1417_1422,0.212043725
2018_1417_1437,0.179205111
2018_1417_1438,0.190835106
2018_1417_1439,0.208220501
2018_1417_1452,0.104580898
2018_1417_1455,0.20589804
2018_1417_1460,0.190466711
2018_1417_1462,0.159641763
2018_1420_1422,0.282866829
2018_1420_1437,0.250028215
2018_1420_1438,0.261658209
2018_1420_1439,0.279043605
2018_1420_1452,0.175404002
2018_1420_1455,0.276721143
2018_1420_1460,0.261289814
2018_1420_1462,0.230464867
2018_1422_1437,0.671099651
2018_1422_1438,0.682729646
2018_1422_1439,0.700115042
2018_1422_1452,0.596475438
2018_1422_1455,0.69779258
2018_1422_1460,0.682361251
2018_1422_1462,0.651536303
2018_1437_1438,0.593929704
2018_1437_1439,0.6113151
2018_1437_1452,0.507675497
2018_1437_1455,0.608992638
2018_1437_1460,0.593561309
2018_1437_1462,0.562736362
2018_1438_1439,0.851126501
2018_1438_1452,0.747486898
2018_1438_1455,0.84880404
2018_1438_1460,0.833372711
2018_1438_1462,0.802547763
2018_1439_1452,0.884901008
2018_1439_1455,0.986218149
2018_1439_1460,0.97078682
2018_1439_1462,0.939961873
2018_1452_1455,0.271131876
2018_1452_1460,0.255700547
2018_1452_1462,0.224875599
2018_1455_1460,0.713538677
2018_1455_1462,0.68271373
2018_1460_1462,0.591855871
